
==============================================
  HACKHUB LOG FILE
  Started: 01/09/2026, 01:08:40
  Version: 1.1.2
  Platform: win32
  Arch: x64
==============================================


==============================================
[01/09/2026, 01:08:41] [INFO]
----------------------------------------------
Steamworks initalized: Zeis [ZF] - 76561197976480835
==============================================

==============================================
[01/09/2026, 01:08:41] [INFO]
----------------------------------------------
[WorkshopController] initialized with appId: 2980270
==============================================

==============================================
[01/09/2026, 01:08:41] [WARN]
----------------------------------------------
[ModController] Skipping "little-guenter": no mod.js
==============================================

==============================================
[01/09/2026, 01:08:42] [INFO]
----------------------------------------------
[RENDERER] [Markdown Note Editor] Mod loaded.
==============================================

==============================================
[01/09/2026, 01:08:42] [INFO]
----------------------------------------------
[RENDERER] [nemesis-protocol-stage1] Nemesis Protocol loaded. The mission is waiting in the HackHub feed.
==============================================

==============================================
[01/09/2026, 01:08:42] [INFO]
----------------------------------------------
[RENDERER] Custom Browser mod loaded with ordered categories!
==============================================

==============================================
[01/09/2026, 01:08:42] [INFO]
----------------------------------------------
[RENDERER] RetroArcade v1.0.0 loaded!
==============================================

==============================================
[01/09/2026, 01:08:42] [INFO]
----------------------------------------------
[RENDERER] [darknet-tree] Darknet-Tree loaded! Check the App Store for NotePad.
==============================================

==============================================
[01/09/2026, 01:08:42] [INFO]
----------------------------------------------
[RENDERER] [synthetik-wallet] Synthetik Wallet loaded! Find it in the App Store.
==============================================

==============================================
[01/09/2026, 01:08:42] [INFO]
----------------------------------------------
[RENDERER] [GhostLink] v1.0.2 loaded
==============================================

==============================================
[01/09/2026, 01:08:42] [INFO]
----------------------------------------------
[RENDERER] [python-is-python3] Mod loaded! Run: apt-get install python-is-python3
==============================================

==============================================
[01/09/2026, 01:08:42] [INFO]
----------------------------------------------
[RENDERER] Lockchain Wallet mod loaded: websites, phone wallet, marketplace, miner, and isolated RPC registered.
==============================================

==============================================
[01/09/2026, 01:08:42] [INFO]
----------------------------------------------
[RENDERER] [Fishception] biological daemon loaded
==============================================

==============================================
[01/09/2026, 01:08:42] [INFO]
----------------------------------------------
[RENDERER] [Beginner Handbook+] Registered 109 handbook pages without title prefixes. Language: en.
==============================================

==============================================
[01/09/2026, 01:08:42] [INFO]
----------------------------------------------
[RENDERER] [vault-manager] Vault Manager loaded — password vault & sticky notes ready.
==============================================

==============================================
[01/09/2026, 01:08:42] [ERROR]
----------------------------------------------
(node:27216) [DEP0169] DeprecationWarning: `url.parse()` behavior is not standardized and prone to errors that have security implications. Use the WHATWG URL API instead. CVEs are not issued for `url.parse()` vulnerabilities.
(Use `Hackhub --trace-deprecation ...` to show where the warning was created)
==============================================

==============================================
  APPLICATION CLOSING
  Time: 01/09/2026, 01:08:53
==============================================

==============================================
  APPLICATION CLOSING
  Time: 01/09/2026, 01:08:53
==============================================

==============================================
  HACKHUB LOG FILE
  Started: 01/09/2026, 01:32:37
  Version: 1.1.2
  Platform: win32
  Arch: x64
==============================================


==============================================
[01/09/2026, 01:32:38] [INFO]
----------------------------------------------
Steamworks initalized: Zeis [ZF] - 76561197976480835
==============================================

==============================================
[01/09/2026, 01:32:38] [INFO]
----------------------------------------------
[WorkshopController] initialized with appId: 2980270
==============================================

==============================================
[01/09/2026, 01:32:38] [WARN]
----------------------------------------------
[RENDERER] [ContentSDK] Mod "little-guenter" declares no permissions array, so every gated API is open to it. This legacy default is deprecated: list the permissions the mod actually needs in manifest.json.
==============================================

==============================================
[01/09/2026, 01:32:38] [ERROR]
----------------------------------------------
[RENDERER] [ContentSDK] Error executing mod "little-guenter": ReferenceError: registerBridge is not defined
ReferenceError: registerBridge is not defined
    at eval (eval at KDr (file:///S:/SteamLibrary/steamapps/common/Hackhub/resources/app.asar/dist/assets/index.js:171006:85724), <anonymous>:141:1)
    at KDr (file:///S:/SteamLibrary/steamapps/common/Hackhub/resources/app.asar/dist/assets/index.js:171007:14)
    at w2c (file:///S:/SteamLibrary/steamapps/common/Hackhub/resources/app.asar/dist/assets/index.js:171324:12572)
    at Object.uMr [as LoadMods] (file:///S:/SteamLibrary/steamapps/common/Hackhub/resources/app.asar/dist/assets/index.js:171324:9002)
    at async Object.action (file:///S:/SteamLibrary/steamapps/common/Hackhub/resources/app.asar/dist/assets/index.js:11:10191)
    at async n (file:///S:/SteamLibrary/steamapps/common/Hackhub/resources/app.asar/dist/assets/index.js:11:15719)
==============================================

==============================================
[01/09/2026, 01:32:38] [WARN]
----------------------------------------------
[RENDERER] [ContentSDK] Rolled back registered content for failed mod "little-guenter".
==============================================

==============================================
[01/09/2026, 01:32:38] [ERROR]
----------------------------------------------
[RENDERER] [ContentSDK] Failed to load mod "Little Guenter": ReferenceError: registerBridge is not defined
ReferenceError: registerBridge is not defined
    at eval (eval at KDr (file:///S:/SteamLibrary/steamapps/common/Hackhub/resources/app.asar/dist/assets/index.js:171006:85724), <anonymous>:141:1)
    at KDr (file:///S:/SteamLibrary/steamapps/common/Hackhub/resources/app.asar/dist/assets/index.js:171007:14)
    at w2c (file:///S:/SteamLibrary/steamapps/common/Hackhub/resources/app.asar/dist/assets/index.js:171324:12572)
    at Object.uMr [as LoadMods] (file:///S:/SteamLibrary/steamapps/common/Hackhub/resources/app.asar/dist/assets/index.js:171324:9002)
    at async Object.action (file:///S:/SteamLibrary/steamapps/common/Hackhub/resources/app.asar/dist/assets/index.js:11:10191)
    at async n (file:///S:/SteamLibrary/steamapps/common/Hackhub/resources/app.asar/dist/assets/index.js:11:15719)
==============================================

==============================================
[01/09/2026, 01:32:38] [INFO]
----------------------------------------------
[RENDERER] [Markdown Note Editor] Mod loaded.
==============================================

==============================================
[01/09/2026, 01:32:38] [INFO]
----------------------------------------------
[RENDERER] [nemesis-protocol-stage1] Nemesis Protocol loaded. The mission is waiting in the HackHub feed.
==============================================

==============================================
[01/09/2026, 01:32:38] [INFO]
----------------------------------------------
[RENDERER] Custom Browser mod loaded with ordered categories!
==============================================

==============================================
[01/09/2026, 01:32:38] [INFO]
----------------------------------------------
[RENDERER] RetroArcade v1.0.0 loaded!
==============================================

==============================================
[01/09/2026, 01:32:38] [INFO]
----------------------------------------------
[RENDERER] [darknet-tree] Darknet-Tree loaded! Check the App Store for NotePad.
==============================================

==============================================
[01/09/2026, 01:32:38] [INFO]
----------------------------------------------
[RENDERER] [synthetik-wallet] Synthetik Wallet loaded! Find it in the App Store.
==============================================

==============================================
[01/09/2026, 01:32:38] [INFO]
----------------------------------------------
[RENDERER] [GhostLink] v1.0.2 loaded
==============================================

==============================================
[01/09/2026, 01:32:38] [INFO]
----------------------------------------------
[RENDERER] [python-is-python3] Mod loaded! Run: apt-get install python-is-python3
==============================================

==============================================
[01/09/2026, 01:32:38] [INFO]
----------------------------------------------
[RENDERER] Lockchain Wallet mod loaded: websites, phone wallet, marketplace, miner, and isolated RPC registered.
==============================================

==============================================
[01/09/2026, 01:32:38] [INFO]
----------------------------------------------
[RENDERER] [Fishception] biological daemon loaded
==============================================

==============================================
[01/09/2026, 01:32:38] [INFO]
----------------------------------------------
[RENDERER] [Beginner Handbook+] Registered 109 handbook pages without title prefixes. Language: en.
==============================================

==============================================
[01/09/2026, 01:32:38] [INFO]
----------------------------------------------
[RENDERER] [vault-manager] Vault Manager loaded — password vault & sticky notes ready.
==============================================

==============================================
[01/09/2026, 01:32:39] [ERROR]
----------------------------------------------
(node:22684) [DEP0169] DeprecationWarning: `url.parse()` behavior is not standardized and prone to errors that have security implications. Use the WHATWG URL API instead. CVEs are not issued for `url.parse()` vulnerabilities.
(Use `Hackhub --trace-deprecation ...` to show where the warning was created)
==============================================

==============================================
[01/09/2026, 01:32:39] [WARN]
----------------------------------------------
[Network] POST https://gateway.hotbunny.dev/hackhub/auth/steam/challenge failed after 120ms: ERR_BAD_REQUEST Request failed with status code 429
==============================================

==============================================
  APPLICATION CLOSING
  Time: 01/09/2026, 01:32:51
==============================================

==============================================
  APPLICATION CLOSING
  Time: 01/09/2026, 01:32:51
==============================================

==============================================
  HACKHUB LOG FILE
  Started: 01/09/2026, 01:33:39
  Version: 1.1.2
  Platform: win32
  Arch: x64
==============================================


==============================================
[01/09/2026, 01:33:39] [INFO]
----------------------------------------------
Steamworks initalized: Zeis [ZF] - 76561197976480835
==============================================

==============================================
[01/09/2026, 01:33:39] [INFO]
----------------------------------------------
[WorkshopController] initialized with appId: 2980270
==============================================

==============================================
[01/09/2026, 01:33:39] [WARN]
----------------------------------------------
[RENDERER] [ContentSDK] Mod "little-guenter" declares no permissions array, so every gated API is open to it. This legacy default is deprecated: list the permissions the mod actually needs in manifest.json.
==============================================

==============================================
[01/09/2026, 01:33:39] [ERROR]
----------------------------------------------
[RENDERER] [ContentSDK] Error executing mod "little-guenter": ReferenceError: registerBridge is not defined
ReferenceError: registerBridge is not defined
    at eval (eval at KDr (file:///S:/SteamLibrary/steamapps/common/Hackhub/resources/app.asar/dist/assets/index.js:171006:85724), <anonymous>:141:1)
    at KDr (file:///S:/SteamLibrary/steamapps/common/Hackhub/resources/app.asar/dist/assets/index.js:171007:14)
    at w2c (file:///S:/SteamLibrary/steamapps/common/Hackhub/resources/app.asar/dist/assets/index.js:171324:12572)
    at Object.uMr [as LoadMods] (file:///S:/SteamLibrary/steamapps/common/Hackhub/resources/app.asar/dist/assets/index.js:171324:9002)
    at async Object.action (file:///S:/SteamLibrary/steamapps/common/Hackhub/resources/app.asar/dist/assets/index.js:11:10191)
    at async n (file:///S:/SteamLibrary/steamapps/common/Hackhub/resources/app.asar/dist/assets/index.js:11:15719)
==============================================

==============================================
[01/09/2026, 01:33:39] [WARN]
----------------------------------------------
[RENDERER] [ContentSDK] Rolled back registered content for failed mod "little-guenter".
==============================================

==============================================
[01/09/2026, 01:33:39] [ERROR]
----------------------------------------------
[RENDERER] [ContentSDK] Failed to load mod "Little Guenter": ReferenceError: registerBridge is not defined
ReferenceError: registerBridge is not defined
    at eval (eval at KDr (file:///S:/SteamLibrary/steamapps/common/Hackhub/resources/app.asar/dist/assets/index.js:171006:85724), <anonymous>:141:1)
    at KDr (file:///S:/SteamLibrary/steamapps/common/Hackhub/resources/app.asar/dist/assets/index.js:171007:14)
    at w2c (file:///S:/SteamLibrary/steamapps/common/Hackhub/resources/app.asar/dist/assets/index.js:171324:12572)
    at Object.uMr [as LoadMods] (file:///S:/SteamLibrary/steamapps/common/Hackhub/resources/app.asar/dist/assets/index.js:171324:9002)
    at async Object.action (file:///S:/SteamLibrary/steamapps/common/Hackhub/resources/app.asar/dist/assets/index.js:11:10191)
    at async n (file:///S:/SteamLibrary/steamapps/common/Hackhub/resources/app.asar/dist/assets/index.js:11:15719)
==============================================

==============================================
[01/09/2026, 01:33:39] [INFO]
----------------------------------------------
[RENDERER] [Markdown Note Editor] Mod loaded.
==============================================

==============================================
[01/09/2026, 01:33:39] [INFO]
----------------------------------------------
[RENDERER] [nemesis-protocol-stage1] Nemesis Protocol loaded. The mission is waiting in the HackHub feed.
==============================================

==============================================
[01/09/2026, 01:33:39] [INFO]
----------------------------------------------
[RENDERER] Custom Browser mod loaded with ordered categories!
==============================================

==============================================
[01/09/2026, 01:33:39] [INFO]
----------------------------------------------
[RENDERER] RetroArcade v1.0.0 loaded!
==============================================

==============================================
[01/09/2026, 01:33:39] [INFO]
----------------------------------------------
[RENDERER] [darknet-tree] Darknet-Tree loaded! Check the App Store for NotePad.
==============================================

==============================================
[01/09/2026, 01:33:39] [INFO]
----------------------------------------------
[RENDERER] [synthetik-wallet] Synthetik Wallet loaded! Find it in the App Store.
==============================================

==============================================
[01/09/2026, 01:33:40] [INFO]
----------------------------------------------
[RENDERER] [GhostLink] v1.0.2 loaded
==============================================

==============================================
[01/09/2026, 01:33:40] [INFO]
----------------------------------------------
[RENDERER] [python-is-python3] Mod loaded! Run: apt-get install python-is-python3
==============================================

==============================================
[01/09/2026, 01:33:40] [INFO]
----------------------------------------------
[RENDERER] Lockchain Wallet mod loaded: websites, phone wallet, marketplace, miner, and isolated RPC registered.
==============================================

==============================================
[01/09/2026, 01:33:40] [INFO]
----------------------------------------------
[RENDERER] [Fishception] biological daemon loaded
==============================================

==============================================
[01/09/2026, 01:33:40] [INFO]
----------------------------------------------
[RENDERER] [Beginner Handbook+] Registered 109 handbook pages without title prefixes. Language: en.
==============================================

==============================================
[01/09/2026, 01:33:40] [INFO]
----------------------------------------------
[RENDERER] [vault-manager] Vault Manager loaded — password vault & sticky notes ready.
==============================================

==============================================
[01/09/2026, 01:33:40] [ERROR]
----------------------------------------------
(node:10076) [DEP0169] DeprecationWarning: `url.parse()` behavior is not standardized and prone to errors that have security implications. Use the WHATWG URL API instead. CVEs are not issued for `url.parse()` vulnerabilities.
(Use `Hackhub --trace-deprecation ...` to show where the warning was created)
==============================================

==============================================
[01/09/2026, 01:33:40] [WARN]
----------------------------------------------
[Network] POST https://gateway.hotbunny.dev/hackhub/auth/steam/challenge failed after 80ms: ERR_BAD_REQUEST Request failed with status code 429
==============================================

==============================================
[01/09/2026, 01:33:40] [WARN]
----------------------------------------------
[Network] POST https://gateway.hotbunny.dev/hackhub/auth/steam/challenge failed after 40ms: ERR_BAD_REQUEST Request failed with status code 429
==============================================

==============================================
[01/09/2026, 01:33:41] [WARN]
----------------------------------------------
[Network] POST https://gateway.hotbunny.dev/hackhub/auth/steam/challenge failed after 37ms: ERR_BAD_REQUEST Request failed with status code 429
==============================================

==============================================
[01/09/2026, 01:33:41] [WARN]
----------------------------------------------
[Network] POST https://gateway.hotbunny.dev/hackhub/auth/steam/challenge failed after 34ms: ERR_BAD_REQUEST Request failed with status code 429
==============================================

==============================================
[01/09/2026, 01:33:43] [WARN]
----------------------------------------------
[Network] POST https://gateway.hotbunny.dev/hackhub/auth/steam failed after 36ms: ERR_BAD_REQUEST Request failed with status code 429
==============================================

==============================================
  APPLICATION CLOSING
  Time: 01/09/2026, 01:43:05
==============================================

==============================================
  APPLICATION CLOSING
  Time: 01/09/2026, 01:43:05
==============================================

==============================================
  HACKHUB LOG FILE
  Started: 01/09/2026, 01:43:15
  Version: 1.1.2
  Platform: win32
  Arch: x64
==============================================


==============================================
[01/09/2026, 01:43:15] [INFO]
----------------------------------------------
Steamworks initalized: Zeis [ZF] - 76561197976480835
==============================================

==============================================
[01/09/2026, 01:43:15] [INFO]
----------------------------------------------
[WorkshopController] initialized with appId: 2980270
==============================================

==============================================
[01/09/2026, 01:43:16] [WARN]
----------------------------------------------
[RENDERER] [ContentSDK] Mod "little-guenter" declares no permissions array, so every gated API is open to it. This legacy default is deprecated: list the permissions the mod actually needs in manifest.json.
==============================================

==============================================
[01/09/2026, 01:43:16] [INFO]
----------------------------------------------
[RENDERER] [Markdown Note Editor] Mod loaded.
==============================================

==============================================
[01/09/2026, 01:43:16] [INFO]
----------------------------------------------
[RENDERER] [nemesis-protocol-stage1] Nemesis Protocol loaded. The mission is waiting in the HackHub feed.
==============================================

==============================================
[01/09/2026, 01:43:16] [INFO]
----------------------------------------------
[RENDERER] Custom Browser mod loaded with ordered categories!
==============================================

==============================================
[01/09/2026, 01:43:16] [INFO]
----------------------------------------------
[RENDERER] RetroArcade v1.0.0 loaded!
==============================================

==============================================
[01/09/2026, 01:43:16] [INFO]
----------------------------------------------
[RENDERER] [darknet-tree] Darknet-Tree loaded! Check the App Store for NotePad.
==============================================

==============================================
[01/09/2026, 01:43:16] [INFO]
----------------------------------------------
[RENDERER] [synthetik-wallet] Synthetik Wallet loaded! Find it in the App Store.
==============================================

==============================================
[01/09/2026, 01:43:16] [INFO]
----------------------------------------------
[RENDERER] [GhostLink] v1.0.2 loaded
==============================================

==============================================
[01/09/2026, 01:43:16] [INFO]
----------------------------------------------
[RENDERER] [python-is-python3] Mod loaded! Run: apt-get install python-is-python3
==============================================

==============================================
[01/09/2026, 01:43:16] [INFO]
----------------------------------------------
[RENDERER] Lockchain Wallet mod loaded: websites, phone wallet, marketplace, miner, and isolated RPC registered.
==============================================

==============================================
[01/09/2026, 01:43:16] [INFO]
----------------------------------------------
[RENDERER] [Fishception] biological daemon loaded
==============================================

==============================================
[01/09/2026, 01:43:16] [INFO]
----------------------------------------------
[RENDERER] [Beginner Handbook+] Registered 109 handbook pages without title prefixes. Language: en.
==============================================

==============================================
[01/09/2026, 01:43:16] [INFO]
----------------------------------------------
[RENDERER] [vault-manager] Vault Manager loaded — password vault & sticky notes ready.
==============================================

==============================================
[01/09/2026, 01:43:16] [ERROR]
----------------------------------------------
(node:30824) [DEP0169] DeprecationWarning: `url.parse()` behavior is not standardized and prone to errors that have security implications. Use the WHATWG URL API instead. CVEs are not issued for `url.parse()` vulnerabilities.
(Use `Hackhub --trace-deprecation ...` to show where the warning was created)
==============================================

==============================================
[01/09/2026, 01:43:16] [WARN]
----------------------------------------------
[Network] POST https://gateway.hotbunny.dev/hackhub/auth/steam/challenge failed after 83ms: ERR_BAD_REQUEST Request failed with status code 429
==============================================

==============================================
[01/09/2026, 01:43:17] [WARN]
----------------------------------------------
[Network] POST https://gateway.hotbunny.dev/hackhub/auth/steam/challenge failed after 43ms: ERR_BAD_REQUEST Request failed with status code 429
==============================================

==============================================
[01/09/2026, 01:43:17] [WARN]
----------------------------------------------
[Network] POST https://gateway.hotbunny.dev/hackhub/auth/steam/challenge failed after 43ms: ERR_BAD_REQUEST Request failed with status code 429
==============================================

==============================================
[01/09/2026, 02:00:26] [ERROR]
----------------------------------------------
[RENDERER] [synthetik-wallet] tickPrices:challenges failed: [ContentSDK] Mod "null" tried to use UI.toast without "ui" permission. Add "ui" to the permissions array in your manifest.json. Error: [ContentSDK] Mod "null" tried to use UI.toast without "ui" permission. Add "ui" to the permissions array in your manifest.json.
    at ph (file:///S:/SteamLibrary/steamapps/common/Hackhub/resources/app.asar/dist/assets/index.js:171006:51009)
    at Object.toast (file:///S:/SteamLibrary/steamapps/common/Hackhub/resources/app.asar/dist/assets/index.js:171006:76958)
    at Object.s [as toast] (file:///S:/SteamLibrary/steamapps/common/Hackhub/resources/app.asar/dist/assets/index.js:171006:44638)
    at SynthetikWallet.tickPricesInner (eval at KDr (file:///S:/SteamLibrary/steamapps/common/Hackhub/resources/app.asar/dist/assets/index.js:171006:85724), <anonymous>:5033:50)
    at SynthetikWallet.tickPrices (eval at KDr (file:///S:/SteamLibrary/steamapps/common/Hackhub/resources/app.asar/dist/assets/index.js:171006:85724), <anonymous>:4998:12)
    at eval (eval at KDr (file:///S:/SteamLibrary/steamapps/common/Hackhub/resources/app.asar/dist/assets/index.js:171006:85724), <anonymous>:4884:14)
==============================================

==============================================
[01/09/2026, 02:15:26] [ERROR]
----------------------------------------------
[RENDERER] [synthetik-wallet] tickPrices:farm failed: [ContentSDK] Mod "null" tried to use UI.toast without "ui" permission. Add "ui" to the permissions array in your manifest.json. Error: [ContentSDK] Mod "null" tried to use UI.toast without "ui" permission. Add "ui" to the permissions array in your manifest.json.
    at ph (file:///S:/SteamLibrary/steamapps/common/Hackhub/resources/app.asar/dist/assets/index.js:171006:51009)
    at Object.toast (file:///S:/SteamLibrary/steamapps/common/Hackhub/resources/app.asar/dist/assets/index.js:171006:76958)
    at Object.s [as toast] (file:///S:/SteamLibrary/steamapps/common/Hackhub/resources/app.asar/dist/assets/index.js:171006:44638)
    at SynthetikWallet.tickPricesInner (eval at KDr (file:///S:/SteamLibrary/steamapps/common/Hackhub/resources/app.asar/dist/assets/index.js:171006:85724), <anonymous>:5056:45)
    at SynthetikWallet.tickPrices (eval at KDr (file:///S:/SteamLibrary/steamapps/common/Hackhub/resources/app.asar/dist/assets/index.js:171006:85724), <anonymous>:4998:12)
    at eval (eval at KDr (file:///S:/SteamLibrary/steamapps/common/Hackhub/resources/app.asar/dist/assets/index.js:171006:85724), <anonymous>:4884:14)
==============================================

==============================================
  APPLICATION CLOSING
  Time: 01/09/2026, 02:16:16
==============================================

==============================================
  APPLICATION CLOSING
  Time: 01/09/2026, 02:16:16
==============================================

==============================================
  HACKHUB LOG FILE
  Started: 01/09/2026, 13:00:14
  Version: 1.1.2
  Platform: win32
  Arch: x64
==============================================


==============================================
[01/09/2026, 13:00:14] [INFO]
----------------------------------------------
Steamworks initalized: Zeis [ZF] - 76561197976480835
==============================================

==============================================
[01/09/2026, 13:00:14] [INFO]
----------------------------------------------
[WorkshopController] initialized with appId: 2980270
==============================================

==============================================
[01/09/2026, 13:00:15] [INFO]
----------------------------------------------
[RENDERER] [Markdown Note Editor] Mod loaded.
==============================================

==============================================
[01/09/2026, 13:00:15] [INFO]
----------------------------------------------
[RENDERER] [nemesis-protocol-stage1] Nemesis Protocol loaded. The mission is waiting in the HackHub feed.
==============================================

==============================================
[01/09/2026, 13:00:15] [INFO]
----------------------------------------------
[RENDERER] Custom Browser mod loaded with ordered categories!
==============================================

==============================================
[01/09/2026, 13:00:15] [INFO]
----------------------------------------------
[RENDERER] RetroArcade v1.0.0 loaded!
==============================================

==============================================
[01/09/2026, 13:00:15] [INFO]
----------------------------------------------
[RENDERER] [darknet-tree] Darknet-Tree loaded! Check the App Store for NotePad.
==============================================

==============================================
[01/09/2026, 13:00:15] [INFO]
----------------------------------------------
[RENDERER] [synthetik-wallet] Synthetik Wallet loaded! Find it in the App Store.
==============================================

==============================================
[01/09/2026, 13:00:15] [INFO]
----------------------------------------------
[RENDERER] [GhostLink] v1.0.2 loaded
==============================================

==============================================
[01/09/2026, 13:00:15] [INFO]
----------------------------------------------
[RENDERER] [python-is-python3] Mod loaded! Run: apt-get install python-is-python3
==============================================

==============================================
[01/09/2026, 13:00:15] [INFO]
----------------------------------------------
[RENDERER] Lockchain Wallet mod loaded: websites, phone wallet, marketplace, miner, and isolated RPC registered.
==============================================

==============================================
[01/09/2026, 13:00:15] [INFO]
----------------------------------------------
[RENDERER] [Fishception] biological daemon loaded
==============================================

==============================================
[01/09/2026, 13:00:15] [INFO]
----------------------------------------------
[RENDERER] [Beginner Handbook+] Registered 109 handbook pages without title prefixes. Language: en.
==============================================

==============================================
[01/09/2026, 13:00:15] [INFO]
----------------------------------------------
[RENDERER] [vault-manager] Vault Manager loaded — password vault & sticky notes ready.
==============================================

==============================================
[01/09/2026, 13:00:16] [ERROR]
----------------------------------------------
(node:27960) [DEP0169] DeprecationWarning: `url.parse()` behavior is not standardized and prone to errors that have security implications. Use the WHATWG URL API instead. CVEs are not issued for `url.parse()` vulnerabilities.
(Use `Hackhub --trace-deprecation ...` to show where the warning was created)
==============================================

==============================================
[01/09/2026, 13:00:55] [ERROR]
----------------------------------------------
[RENDERER] [synthetik-wallet] tickPrices:challenges failed: [ContentSDK] Mod "null" tried to use UI.toast without "ui" permission. Add "ui" to the permissions array in your manifest.json. Error: [ContentSDK] Mod "null" tried to use UI.toast without "ui" permission. Add "ui" to the permissions array in your manifest.json.
    at ph (file:///S:/SteamLibrary/steamapps/common/Hackhub/resources/app.asar/dist/assets/index.js:171006:51009)
    at Object.toast (file:///S:/SteamLibrary/steamapps/common/Hackhub/resources/app.asar/dist/assets/index.js:171006:76958)
    at Object.s [as toast] (file:///S:/SteamLibrary/steamapps/common/Hackhub/resources/app.asar/dist/assets/index.js:171006:44638)
    at SynthetikWallet.tickPricesInner (eval at KDr (file:///S:/SteamLibrary/steamapps/common/Hackhub/resources/app.asar/dist/assets/index.js:171006:85724), <anonymous>:5033:50)
    at SynthetikWallet.tickPrices (eval at KDr (file:///S:/SteamLibrary/steamapps/common/Hackhub/resources/app.asar/dist/assets/index.js:171006:85724), <anonymous>:4998:12)
    at eval (eval at KDr (file:///S:/SteamLibrary/steamapps/common/Hackhub/resources/app.asar/dist/assets/index.js:171006:85724), <anonymous>:4884:14)
==============================================

==============================================
[01/09/2026, 13:03:36] [ERROR]
----------------------------------------------
[RENDERER] [synthetik-wallet] tickPrices:farm failed: [ContentSDK] Mod "null" tried to use UI.toast without "ui" permission. Add "ui" to the permissions array in your manifest.json. Error: [ContentSDK] Mod "null" tried to use UI.toast without "ui" permission. Add "ui" to the permissions array in your manifest.json.
    at ph (file:///S:/SteamLibrary/steamapps/common/Hackhub/resources/app.asar/dist/assets/index.js:171006:51009)
    at Object.toast (file:///S:/SteamLibrary/steamapps/common/Hackhub/resources/app.asar/dist/assets/index.js:171006:76958)
    at Object.s [as toast] (file:///S:/SteamLibrary/steamapps/common/Hackhub/resources/app.asar/dist/assets/index.js:171006:44638)
    at SynthetikWallet.tickPricesInner (eval at KDr (file:///S:/SteamLibrary/steamapps/common/Hackhub/resources/app.asar/dist/assets/index.js:171006:85724), <anonymous>:5098:41)
    at SynthetikWallet.tickPrices (eval at KDr (file:///S:/SteamLibrary/steamapps/common/Hackhub/resources/app.asar/dist/assets/index.js:171006:85724), <anonymous>:4998:12)
    at eval (eval at KDr (file:///S:/SteamLibrary/steamapps/common/Hackhub/resources/app.asar/dist/assets/index.js:171006:85724), <anonymous>:4884:14)
==============================================

==============================================
  APPLICATION CLOSING
  Time: 01/09/2026, 13:14:20
==============================================

==============================================
  HACKHUB LOG FILE
  Started: 01/09/2026, 13:17:07
  Version: 1.1.2
  Platform: win32
  Arch: x64
==============================================


==============================================
[01/09/2026, 13:17:07] [INFO]
----------------------------------------------
Steamworks initalized: Zeis [ZF] - 76561197976480835
==============================================

==============================================
[01/09/2026, 13:17:07] [INFO]
----------------------------------------------
[WorkshopController] initialized with appId: 2980270
==============================================

==============================================
[01/09/2026, 13:17:08] [INFO]
----------------------------------------------
[RENDERER] [Markdown Note Editor] Mod loaded.
==============================================

==============================================
[01/09/2026, 13:17:08] [INFO]
----------------------------------------------
[RENDERER] [nemesis-protocol-stage1] Nemesis Protocol loaded. The mission is waiting in the HackHub feed.
==============================================

==============================================
[01/09/2026, 13:17:08] [INFO]
----------------------------------------------
[RENDERER] Custom Browser mod loaded with ordered categories!
==============================================

==============================================
[01/09/2026, 13:17:08] [INFO]
----------------------------------------------
[RENDERER] RetroArcade v1.0.0 loaded!
==============================================

==============================================
[01/09/2026, 13:17:08] [INFO]
----------------------------------------------
[RENDERER] [darknet-tree] Darknet-Tree loaded! Check the App Store for NotePad.
==============================================

==============================================
[01/09/2026, 13:17:08] [INFO]
----------------------------------------------
[RENDERER] [synthetik-wallet] Synthetik Wallet loaded! Find it in the App Store.
==============================================

==============================================
[01/09/2026, 13:17:08] [INFO]
----------------------------------------------
[RENDERER] [GhostLink] v1.0.2 loaded
==============================================

==============================================
[01/09/2026, 13:17:08] [INFO]
----------------------------------------------
[RENDERER] [python-is-python3] Mod loaded! Run: apt-get install python-is-python3
==============================================

==============================================
[01/09/2026, 13:17:08] [INFO]
----------------------------------------------
[RENDERER] Lockchain Wallet mod loaded: websites, phone wallet, marketplace, miner, and isolated RPC registered.
==============================================

==============================================
[01/09/2026, 13:17:08] [INFO]
----------------------------------------------
[RENDERER] [Fishception] biological daemon loaded
==============================================

==============================================
[01/09/2026, 13:17:08] [INFO]
----------------------------------------------
[RENDERER] [Beginner Handbook+] Registered 109 handbook pages without title prefixes. Language: en.
==============================================

==============================================
[01/09/2026, 13:17:08] [INFO]
----------------------------------------------
[RENDERER] [vault-manager] Vault Manager loaded — password vault & sticky notes ready.
==============================================

==============================================
[01/09/2026, 13:17:09] [ERROR]
----------------------------------------------
(node:4396) [DEP0169] DeprecationWarning: `url.parse()` behavior is not standardized and prone to errors that have security implications. Use the WHATWG URL API instead. CVEs are not issued for `url.parse()` vulnerabilities.
(Use `Hackhub --trace-deprecation ...` to show where the warning was created)
==============================================

==============================================
  APPLICATION CLOSING
  Time: 01/09/2026, 13:19:30
==============================================

==============================================
  APPLICATION CLOSING
  Time: 01/09/2026, 13:19:30
==============================================

==============================================
  HACKHUB LOG FILE
  Started: 01/09/2026, 14:54:32
  Version: 1.1.2
  Platform: win32
  Arch: x64
==============================================


==============================================
[01/09/2026, 14:54:32] [INFO]
----------------------------------------------
Steamworks initalized: Zeis [ZF] - 76561197976480835
==============================================

==============================================
[01/09/2026, 14:54:32] [INFO]
----------------------------------------------
[WorkshopController] initialized with appId: 2980270
==============================================

==============================================
[01/09/2026, 14:54:36] [INFO]
----------------------------------------------
[RENDERER] [Markdown Note Editor] Mod loaded.
==============================================

==============================================
[01/09/2026, 14:54:36] [INFO]
----------------------------------------------
[RENDERER] [nemesis-protocol-stage1] Nemesis Protocol loaded. The mission is waiting in the HackHub feed.
==============================================

==============================================
[01/09/2026, 14:54:36] [INFO]
----------------------------------------------
[RENDERER] Custom Browser mod loaded with ordered categories!
==============================================

==============================================
[01/09/2026, 14:54:36] [INFO]
----------------------------------------------
[RENDERER] RetroArcade v1.0.0 loaded!
==============================================

==============================================
[01/09/2026, 14:54:36] [INFO]
----------------------------------------------
[RENDERER] [darknet-tree] Darknet-Tree loaded! Check the App Store for NotePad.
==============================================

==============================================
[01/09/2026, 14:54:36] [INFO]
----------------------------------------------
[RENDERER] [synthetik-wallet] Synthetik Wallet loaded! Find it in the App Store.
==============================================

==============================================
[01/09/2026, 14:54:36] [INFO]
----------------------------------------------
[RENDERER] [GhostLink] v1.0.2 loaded
==============================================

==============================================
[01/09/2026, 14:54:36] [INFO]
----------------------------------------------
[RENDERER] [python-is-python3] Mod loaded! Run: apt-get install python-is-python3
==============================================

==============================================
[01/09/2026, 14:54:36] [INFO]
----------------------------------------------
[RENDERER] Lockchain Wallet mod loaded: websites, phone wallet, marketplace, miner, and isolated RPC registered.
==============================================

==============================================
[01/09/2026, 14:54:36] [INFO]
----------------------------------------------
[RENDERER] [Fishception] biological daemon loaded
==============================================

==============================================
[01/09/2026, 14:54:36] [INFO]
----------------------------------------------
[RENDERER] [Beginner Handbook+] Registered 109 handbook pages without title prefixes. Language: en.
==============================================

==============================================
[01/09/2026, 14:54:36] [INFO]
----------------------------------------------
[RENDERER] [vault-manager] Vault Manager loaded — password vault & sticky notes ready.
==============================================

==============================================
[01/09/2026, 14:54:36] [ERROR]
----------------------------------------------
(node:22696) [DEP0169] DeprecationWarning: `url.parse()` behavior is not standardized and prone to errors that have security implications. Use the WHATWG URL API instead. CVEs are not issued for `url.parse()` vulnerabilities.
(Use `Hackhub --trace-deprecation ...` to show where the warning was created)
==============================================

==============================================
[01/09/2026, 14:54:36] [WARN]
----------------------------------------------
[Network] POST https://gateway.hotbunny.dev/hackhub/auth/steam/challenge failed after 166ms: ERR_BAD_REQUEST Request failed with status code 429
==============================================

==============================================
[01/09/2026, 14:54:37] [WARN]
----------------------------------------------
[Network] POST https://gateway.hotbunny.dev/hackhub/auth/steam/challenge failed after 47ms: ERR_BAD_REQUEST Request failed with status code 429
==============================================

==============================================
[01/09/2026, 14:54:37] [WARN]
----------------------------------------------
[Network] POST https://gateway.hotbunny.dev/hackhub/auth/steam/challenge failed after 44ms: ERR_BAD_REQUEST Request failed with status code 429
==============================================

==============================================
[01/09/2026, 14:54:37] [WARN]
----------------------------------------------
[Network] POST https://gateway.hotbunny.dev/hackhub/auth/steam/challenge failed after 42ms: ERR_BAD_REQUEST Request failed with status code 429
==============================================

==============================================
[01/09/2026, 14:54:38] [WARN]
----------------------------------------------
[Network] POST https://gateway.hotbunny.dev/hackhub/auth/steam/challenge failed after 78ms: ERR_BAD_REQUEST Request failed with status code 429
==============================================

==============================================
[01/09/2026, 14:54:38] [WARN]
----------------------------------------------
[Network] POST https://gateway.hotbunny.dev/hackhub/auth/steam/challenge failed after 42ms: ERR_BAD_REQUEST Request failed with status code 429
==============================================

==============================================
[01/09/2026, 14:54:38] [WARN]
----------------------------------------------
[Network] GET https://gateway.hotbunny.dev/hackhub/stats failed after 39ms: ERR_BAD_REQUEST Request failed with status code 401
==============================================

==============================================
[01/09/2026, 14:54:38] [WARN]
----------------------------------------------
[Network] GET https://gateway.hotbunny.dev/hackhub/announcements?limit=10 failed after 46ms: ERR_BAD_REQUEST Request failed with status code 401
==============================================

==============================================
[01/09/2026, 14:54:38] [WARN]
----------------------------------------------
[Network] GET https://gateway.hotbunny.dev/hackhub/dlc-store/config failed after 102ms: ERR_BAD_REQUEST Request failed with status code 401
==============================================

==============================================
[01/09/2026, 14:54:38] [WARN]
----------------------------------------------
[Network] GET https://gateway.hotbunny.dev/hackhub/featured-mods failed after 107ms: ERR_BAD_REQUEST Request failed with status code 401
==============================================

==============================================
[01/09/2026, 14:54:38] [WARN]
----------------------------------------------
[Network] GET https://gateway.hotbunny.dev/hackhub/polls failed after 109ms: ERR_BAD_REQUEST Request failed with status code 401
==============================================

==============================================
[01/09/2026, 14:54:38] [WARN]
----------------------------------------------
[Network] GET https://gateway.hotbunny.dev/hackhub/pages failed after 125ms: ERR_BAD_REQUEST Request failed with status code 401
==============================================

==============================================
[01/09/2026, 14:54:38] [WARN]
----------------------------------------------
[Network] GET https://gateway.hotbunny.dev/hackhub/actions failed after 126ms: ERR_BAD_REQUEST Request failed with status code 401
==============================================

==============================================
[01/09/2026, 14:54:39] [WARN]
----------------------------------------------
[Network] POST https://gateway.hotbunny.dev/hackhub/auth/steam/challenge failed after 39ms: ERR_BAD_REQUEST Request failed with status code 429
==============================================

==============================================
[01/09/2026, 14:54:39] [WARN]
----------------------------------------------
[Network] POST https://gateway.hotbunny.dev/hackhub/auth/steam/challenge failed after 49ms: ERR_BAD_REQUEST Request failed with status code 429
==============================================

==============================================
[01/09/2026, 14:54:40] [WARN]
----------------------------------------------
[Network] POST https://gateway.hotbunny.dev/hackhub/auth/steam/challenge failed after 38ms: ERR_BAD_REQUEST Request failed with status code 429
==============================================

==============================================
[01/09/2026, 14:54:40] [WARN]
----------------------------------------------
[Network] GET https://gateway.hotbunny.dev/hackhub/player-notifications?limit=50 failed after 43ms: ERR_BAD_REQUEST Request failed with status code 401
==============================================

==============================================
[01/09/2026, 14:54:40] [WARN]
----------------------------------------------
[Network] GET https://gateway.hotbunny.dev/hackhub/player-notifications?limit=50 failed after 44ms: ERR_BAD_REQUEST Request failed with status code 401
==============================================

==============================================
[01/09/2026, 14:54:44] [WARN]
----------------------------------------------
[Network] POST https://gateway.hotbunny.dev/hackhub/auth/steam/challenge failed after 45ms: ERR_BAD_REQUEST Request failed with status code 429
==============================================

==============================================
[01/09/2026, 14:54:44] [WARN]
----------------------------------------------
[Network] POST https://gateway.hotbunny.dev/hackhub/auth/steam/challenge failed after 52ms: ERR_BAD_REQUEST Request failed with status code 429
==============================================

==============================================
[01/09/2026, 14:54:45] [WARN]
----------------------------------------------
[Network] POST https://gateway.hotbunny.dev/hackhub/auth/steam/challenge failed after 42ms: ERR_BAD_REQUEST Request failed with status code 429
==============================================

==============================================
[01/09/2026, 14:54:45] [WARN]
----------------------------------------------
[Network] GET https://gateway.hotbunny.dev/hackhub/player-notifications?limit=50 failed after 49ms: ERR_BAD_REQUEST Request failed with status code 401
==============================================

==============================================
[01/09/2026, 14:54:50] [WARN]
----------------------------------------------
[Network] POST https://gateway.hotbunny.dev/hackhub/auth/steam/challenge failed after 44ms: ERR_BAD_REQUEST Request failed with status code 429
==============================================

==============================================
[01/09/2026, 14:54:50] [WARN]
----------------------------------------------
[Network] POST https://gateway.hotbunny.dev/hackhub/auth/steam/challenge failed after 40ms: ERR_BAD_REQUEST Request failed with status code 429
==============================================

==============================================
[01/09/2026, 14:54:51] [WARN]
----------------------------------------------
[Network] POST https://gateway.hotbunny.dev/hackhub/auth/steam/challenge failed after 39ms: ERR_BAD_REQUEST Request failed with status code 429
==============================================

==============================================
[01/09/2026, 14:54:51] [WARN]
----------------------------------------------
[Network] GET https://gateway.hotbunny.dev/hackhub/player-notifications?limit=50 failed after 38ms: ERR_BAD_REQUEST Request failed with status code 401
==============================================

==============================================
[01/09/2026, 14:54:56] [WARN]
----------------------------------------------
[Network] POST https://gateway.hotbunny.dev/hackhub/auth/steam/challenge failed after 44ms: ERR_BAD_REQUEST Request failed with status code 429
==============================================

==============================================
[01/09/2026, 14:54:56] [WARN]
----------------------------------------------
[Network] POST https://gateway.hotbunny.dev/hackhub/auth/steam/challenge failed after 37ms: ERR_BAD_REQUEST Request failed with status code 429
==============================================

==============================================
[01/09/2026, 14:54:57] [WARN]
----------------------------------------------
[Network] POST https://gateway.hotbunny.dev/hackhub/auth/steam/challenge failed after 39ms: ERR_BAD_REQUEST Request failed with status code 429
==============================================

==============================================
[01/09/2026, 14:54:57] [WARN]
----------------------------------------------
[Network] GET https://gateway.hotbunny.dev/hackhub/player-notifications?limit=50 failed after 40ms: ERR_BAD_REQUEST Request failed with status code 401
==============================================

==============================================
[01/09/2026, 14:54:59] [WARN]
----------------------------------------------
[RENDERER] [PruneOrphanQuests] Dropping "PrettyFlyForAWifi" (8N2DyBdiVM): no installed content defines it.
==============================================

==============================================
[01/09/2026, 14:55:53] [WARN]
----------------------------------------------
[RENDERER] Deprecation warning: value provided is not in a recognized RFC2822 or ISO format. moment construction falls back to js Date(), which is not reliable across all browsers and versions. Non RFC2822/ISO date formats are discouraged. Please refer to http://momentjs.com/guides/#/warnings/js-date/ for more info.
Arguments: 
[0] _isAMomentObject: true, _isUTC: false, _useUTC: false, _l: undefined, _i: Mon Aug 31 2026 23:56:48 GMT+0200 (Central European Summer Time), _f: undefined, _strict: undefined, _locale: [object Object]
Error
    at O.createFromInputFallback (file:///S:/SteamLibrary/steamapps/common/Hackhub/resources/app.asar/dist/assets/utils.js:9:3)
    at zm (file:///S:/SteamLibrary/steamapps/common/Hackhub/resources/app.asar/dist/assets/utils.js:9:25839)
    at Xm (file:///S:/SteamLibrary/steamapps/common/Hackhub/resources/app.asar/dist/assets/utils.js:9:29577)
    at qo (file:///S:/SteamLibrary/steamapps/common/Hackhub/resources/app.asar/dist/assets/utils.js:9:29441)
    at Jm (file:///S:/SteamLibrary/steamapps/common/Hackhub/resources/app.asar/dist/assets/utils.js:9:29155)
    at Ko (file:///S:/SteamLibrary/steamapps/common/Hackhub/resources/app.asar/dist/assets/utils.js:9:29944)
    at ne (file:///S:/SteamLibrary/steamapps/common/Hackhub/resources/app.asar/dist/assets/utils.js:9:29978)
    at O (file:///S:/SteamLibrary/steamapps/common/Hackhub/resources/app.asar/dist/assets/utils.js:6:31)
    at FSe (file:///S:/SteamLibrary/steamapps/common/Hackhub/resources/app.asar/dist/assets/index.js:166770:102594)
    at mo (file:///S:/SteamLibrary/steamapps/common/Hackhub/resources/app.asar/dist/assets/vendor.js:30:16959)
    at Wa (file:///S:/SteamLibrary/steamapps/common/Hackhub/resources/app.asar/dist/assets/vendor.js:32:43694)
    at Va (file:///S:/SteamLibrary/steamapps/common/Hackhub/resources/app.asar/dist/assets/vendor.js:32:39499)
    at ud (file:///S:/SteamLibrary/steamapps/common/Hackhub/resources/app.asar/dist/assets/vendor.js:32:39430)
    at Zr (file:///S:/SteamLibrary/steamapps/common/Hackhub/resources/app.asar/dist/assets/vendor.js:32:39289)
    at Ua (file:///S:/SteamLibrary/steamapps/common/Hackhub/resources/app.asar/dist/assets/vendor.js:32:34440)
    at E (file:///S:/SteamLibrary/steamapps/common/Hackhub/resources/app.asar/dist/assets/vendor.js:17:1562)
    at MessagePort.un (file:///S:/SteamLibrary/steamapps/common/Hackhub/resources/app.asar/dist/assets/vendor.js:17:1930)
==============================================

==============================================
[01/09/2026, 15:01:33] [ERROR]
----------------------------------------------
[RENDERER] TypeError: Cannot read properties of undefined (reading 'toLowerCase')
TypeError: Cannot read properties of undefined (reading 'toLowerCase')
    at file:///S:/SteamLibrary/steamapps/common/Hackhub/resources/app.asar/dist/assets/index.js:166770:130685
    at Array.filter (<anonymous>)
    at file:///S:/SteamLibrary/steamapps/common/Hackhub/resources/app.asar/dist/assets/index.js:166770:130631
    at Object.useMemo (file:///S:/SteamLibrary/steamapps/common/Hackhub/resources/app.asar/dist/assets/vendor.js:30:23228)
    at T.useMemo (file:///S:/SteamLibrary/steamapps/common/Hackhub/resources/app.asar/dist/assets/vendor.js:9:6193)
    at ahl (file:///S:/SteamLibrary/steamapps/common/Hackhub/resources/app.asar/dist/assets/index.js:166770:130615)
    at mo (file:///S:/SteamLibrary/steamapps/common/Hackhub/resources/app.asar/dist/assets/vendor.js:30:16959)
    at Wa (file:///S:/SteamLibrary/steamapps/common/Hackhub/resources/app.asar/dist/assets/vendor.js:32:43694)
    at Va (file:///S:/SteamLibrary/steamapps/common/Hackhub/resources/app.asar/dist/assets/vendor.js:32:39499)
    at ud (file:///S:/SteamLibrary/steamapps/common/Hackhub/resources/app.asar/dist/assets/vendor.js:32:39430)
    at Zr (file:///S:/SteamLibrary/steamapps/common/Hackhub/resources/app.asar/dist/assets/vendor.js:32:39289)
    at Ou (file:///S:/SteamLibrary/steamapps/common/Hackhub/resources/app.asar/dist/assets/vendor.js:32:35710)
    at Ua (file:///S:/SteamLibrary/steamapps/common/Hackhub/resources/app.asar/dist/assets/vendor.js:32:34666)
    at E (file:///S:/SteamLibrary/steamapps/common/Hackhub/resources/app.asar/dist/assets/vendor.js:17:1562)
    at MessagePort.un (file:///S:/SteamLibrary/steamapps/common/Hackhub/resources/app.asar/dist/assets/vendor.js:17:1930)
==============================================

==============================================
  APPLICATION CLOSING
  Time: 01/09/2026, 15:05:15
==============================================

==============================================
  HACKHUB LOG FILE
  Started: 01/09/2026, 15:32:27
  Version: 1.1.2
  Platform: win32
  Arch: x64
==============================================


==============================================
[01/09/2026, 15:32:28] [INFO]
----------------------------------------------
Steamworks initalized: Zeis [ZF] - 76561197976480835
==============================================

==============================================
[01/09/2026, 15:32:28] [INFO]
----------------------------------------------
[WorkshopController] initialized with appId: 2980270
==============================================

==============================================
[01/09/2026, 15:32:28] [INFO]
----------------------------------------------
[RENDERER] [Markdown Note Editor] Mod loaded.
==============================================

==============================================
[01/09/2026, 15:32:28] [INFO]
----------------------------------------------
[RENDERER] [nemesis-protocol-stage1] Nemesis Protocol loaded. The mission is waiting in the HackHub feed.
==============================================

==============================================
[01/09/2026, 15:32:28] [INFO]
----------------------------------------------
[RENDERER] Custom Browser mod loaded with ordered categories!
==============================================

==============================================
[01/09/2026, 15:32:28] [INFO]
----------------------------------------------
[RENDERER] RetroArcade v1.0.0 loaded!
==============================================

==============================================
[01/09/2026, 15:32:28] [INFO]
----------------------------------------------
[RENDERER] [darknet-tree] Darknet-Tree loaded! Check the App Store for NotePad.
==============================================

==============================================
[01/09/2026, 15:32:28] [INFO]
----------------------------------------------
[RENDERER] [synthetik-wallet] Synthetik Wallet loaded! Find it in the App Store.
==============================================

==============================================
[01/09/2026, 15:32:28] [INFO]
----------------------------------------------
[RENDERER] [GhostLink] v1.0.2 loaded
==============================================

==============================================
[01/09/2026, 15:32:28] [INFO]
----------------------------------------------
[RENDERER] [python-is-python3] Mod loaded! Run: apt-get install python-is-python3
==============================================

==============================================
[01/09/2026, 15:32:28] [INFO]
----------------------------------------------
[RENDERER] Lockchain Wallet mod loaded: websites, phone wallet, marketplace, miner, and isolated RPC registered.
==============================================

==============================================
[01/09/2026, 15:32:28] [INFO]
----------------------------------------------
[RENDERER] [Fishception] biological daemon loaded
==============================================

==============================================
[01/09/2026, 15:32:28] [INFO]
----------------------------------------------
[RENDERER] [Beginner Handbook+] Registered 109 handbook pages without title prefixes. Language: en.
==============================================

==============================================
[01/09/2026, 15:32:28] [INFO]
----------------------------------------------
[RENDERER] [vault-manager] Vault Manager loaded — password vault & sticky notes ready.
==============================================

==============================================
[01/09/2026, 15:32:29] [ERROR]
----------------------------------------------
(node:3952) [DEP0169] DeprecationWarning: `url.parse()` behavior is not standardized and prone to errors that have security implications. Use the WHATWG URL API instead. CVEs are not issued for `url.parse()` vulnerabilities.
(Use `Hackhub --trace-deprecation ...` to show where the warning was created)
==============================================

==============================================
[01/09/2026, 15:32:29] [WARN]
----------------------------------------------
[Network] POST https://gateway.hotbunny.dev/hackhub/auth/steam/challenge failed after 138ms: ERR_BAD_REQUEST Request failed with status code 429
==============================================

==============================================
[01/09/2026, 15:32:29] [WARN]
----------------------------------------------
[Network] POST https://gateway.hotbunny.dev/hackhub/auth/steam/challenge failed after 38ms: ERR_BAD_REQUEST Request failed with status code 429
==============================================

==============================================
[01/09/2026, 15:32:30] [WARN]
----------------------------------------------
[Network] POST https://gateway.hotbunny.dev/hackhub/auth/steam/challenge failed after 40ms: ERR_BAD_REQUEST Request failed with status code 429
==============================================

==============================================
[01/09/2026, 15:32:36] [WARN]
----------------------------------------------
[RENDERER] [PruneOrphanQuests] Dropping "TwotterQA" (2fMxkT8utw): no installed content defines it.
==============================================

==============================================
  APPLICATION CLOSING
  Time: 01/09/2026, 15:32:44
==============================================

==============================================
  APPLICATION CLOSING
  Time: 01/09/2026, 15:32:44
==============================================

==============================================
  HACKHUB LOG FILE
  Started: 01/09/2026, 15:40:30
  Version: 1.1.2
  Platform: win32
  Arch: x64
==============================================


==============================================
[01/09/2026, 15:40:30] [INFO]
----------------------------------------------
Steamworks initalized: Zeis [ZF] - 76561197976480835
==============================================

==============================================
[01/09/2026, 15:40:30] [INFO]
----------------------------------------------
[WorkshopController] initialized with appId: 2980270
==============================================

==============================================
[01/09/2026, 15:40:31] [INFO]
----------------------------------------------
[RENDERER] [Markdown Note Editor] Mod loaded.
==============================================

==============================================
[01/09/2026, 15:40:31] [INFO]
----------------------------------------------
[RENDERER] [nemesis-protocol-stage1] Nemesis Protocol loaded. The mission is waiting in the HackHub feed.
==============================================

==============================================
[01/09/2026, 15:40:31] [INFO]
----------------------------------------------
[RENDERER] Custom Browser mod loaded with ordered categories!
==============================================

==============================================
[01/09/2026, 15:40:31] [INFO]
----------------------------------------------
[RENDERER] RetroArcade v1.0.0 loaded!
==============================================

==============================================
[01/09/2026, 15:40:31] [INFO]
----------------------------------------------
[RENDERER] [darknet-tree] Darknet-Tree loaded! Check the App Store for NotePad.
==============================================

==============================================
[01/09/2026, 15:40:31] [INFO]
----------------------------------------------
[RENDERER] [synthetik-wallet] Synthetik Wallet loaded! Find it in the App Store.
==============================================

==============================================
[01/09/2026, 15:40:31] [INFO]
----------------------------------------------
[RENDERER] [GhostLink] v1.0.2 loaded
==============================================

==============================================
[01/09/2026, 15:40:31] [INFO]
----------------------------------------------
[RENDERER] [python-is-python3] Mod loaded! Run: apt-get install python-is-python3
==============================================

==============================================
[01/09/2026, 15:40:31] [INFO]
----------------------------------------------
[RENDERER] Lockchain Wallet mod loaded: websites, phone wallet, marketplace, miner, and isolated RPC registered.
==============================================

==============================================
[01/09/2026, 15:40:31] [INFO]
----------------------------------------------
[RENDERER] [Fishception] biological daemon loaded
==============================================

==============================================
[01/09/2026, 15:40:31] [INFO]
----------------------------------------------
[RENDERER] [Beginner Handbook+] Registered 109 handbook pages without title prefixes. Language: en.
==============================================

==============================================
[01/09/2026, 15:40:31] [INFO]
----------------------------------------------
[RENDERER] [vault-manager] Vault Manager loaded — password vault & sticky notes ready.
==============================================

==============================================
[01/09/2026, 15:40:32] [ERROR]
----------------------------------------------
(node:23708) [DEP0169] DeprecationWarning: `url.parse()` behavior is not standardized and prone to errors that have security implications. Use the WHATWG URL API instead. CVEs are not issued for `url.parse()` vulnerabilities.
(Use `Hackhub --trace-deprecation ...` to show where the warning was created)
==============================================

==============================================
[01/09/2026, 15:40:33] [WARN]
----------------------------------------------
[Network] POST https://gateway.hotbunny.dev/hackhub/auth/steam failed after 53ms: ERR_BAD_REQUEST Request failed with status code 429
==============================================

==============================================
[01/09/2026, 15:40:35] [WARN]
----------------------------------------------
[Network] POST https://gateway.hotbunny.dev/hackhub/auth/steam failed after 41ms: ERR_BAD_REQUEST Request failed with status code 429
==============================================

==============================================
[01/09/2026, 15:40:35] [WARN]
----------------------------------------------
[Network] POST https://gateway.hotbunny.dev/hackhub/auth/steam/challenge failed after 47ms: ERR_BAD_REQUEST Request failed with status code 429
==============================================

==============================================
[01/09/2026, 15:40:35] [WARN]
----------------------------------------------
[Network] POST https://gateway.hotbunny.dev/hackhub/auth/steam/challenge failed after 42ms: ERR_BAD_REQUEST Request failed with status code 429
==============================================

==============================================
[01/09/2026, 15:40:36] [WARN]
----------------------------------------------
[Network] POST https://gateway.hotbunny.dev/hackhub/auth/steam/challenge failed after 41ms: ERR_BAD_REQUEST Request failed with status code 429
==============================================

==============================================
[01/09/2026, 15:40:36] [WARN]
----------------------------------------------
[Network] POST https://gateway.hotbunny.dev/hackhub/auth/steam/challenge failed after 55ms: ERR_BAD_REQUEST Request failed with status code 429
==============================================

==============================================
[01/09/2026, 15:40:36] [WARN]
----------------------------------------------
[Network] GET https://gateway.hotbunny.dev/hackhub/stats failed after 41ms: ERR_BAD_REQUEST Request failed with status code 401
==============================================

==============================================
[01/09/2026, 15:40:36] [WARN]
----------------------------------------------
[Network] GET https://gateway.hotbunny.dev/hackhub/announcements?limit=10 failed after 43ms: ERR_BAD_REQUEST Request failed with status code 401
==============================================

==============================================
[01/09/2026, 15:40:36] [WARN]
----------------------------------------------
[Network] GET https://gateway.hotbunny.dev/hackhub/polls failed after 80ms: ERR_BAD_REQUEST Request failed with status code 401
==============================================

==============================================
[01/09/2026, 15:40:36] [WARN]
----------------------------------------------
[Network] GET https://gateway.hotbunny.dev/hackhub/pages failed after 79ms: ERR_BAD_REQUEST Request failed with status code 401
==============================================

==============================================
[01/09/2026, 15:40:36] [WARN]
----------------------------------------------
[Network] GET https://gateway.hotbunny.dev/hackhub/actions failed after 86ms: ERR_BAD_REQUEST Request failed with status code 401
==============================================

==============================================
[01/09/2026, 15:40:36] [WARN]
----------------------------------------------
[Network] GET https://gateway.hotbunny.dev/hackhub/dlc-store/config failed after 100ms: ERR_BAD_REQUEST Request failed with status code 401
==============================================

==============================================
[01/09/2026, 15:40:36] [WARN]
----------------------------------------------
[Network] GET https://gateway.hotbunny.dev/hackhub/featured-mods failed after 105ms: ERR_BAD_REQUEST Request failed with status code 401
==============================================

==============================================
[01/09/2026, 15:40:38] [WARN]
----------------------------------------------
[Network] POST https://gateway.hotbunny.dev/hackhub/auth/steam failed after 40ms: ERR_BAD_REQUEST Request failed with status code 429
==============================================

==============================================
[01/09/2026, 15:40:39] [WARN]
----------------------------------------------
[Network] POST https://gateway.hotbunny.dev/hackhub/auth/steam/challenge failed after 40ms: ERR_BAD_REQUEST Request failed with status code 429
==============================================

==============================================
[01/09/2026, 15:40:39] [WARN]
----------------------------------------------
[Network] POST https://gateway.hotbunny.dev/hackhub/auth/steam/challenge failed after 39ms: ERR_BAD_REQUEST Request failed with status code 429
==============================================

==============================================
[01/09/2026, 15:40:39] [WARN]
----------------------------------------------
[Network] GET https://gateway.hotbunny.dev/hackhub/player-notifications?limit=50 failed after 40ms: ERR_BAD_REQUEST Request failed with status code 401
==============================================

==============================================
[01/09/2026, 15:40:39] [WARN]
----------------------------------------------
[Network] GET https://gateway.hotbunny.dev/hackhub/player-notifications?limit=50 failed after 44ms: ERR_BAD_REQUEST Request failed with status code 401
==============================================

==============================================
[01/09/2026, 15:40:56] [WARN]
----------------------------------------------
[RENDERER] Deprecation warning: value provided is not in a recognized RFC2822 or ISO format. moment construction falls back to js Date(), which is not reliable across all browsers and versions. Non RFC2822/ISO date formats are discouraged. Please refer to http://momentjs.com/guides/#/warnings/js-date/ for more info.
Arguments: 
[0] _isAMomentObject: true, _isUTC: false, _useUTC: false, _l: undefined, _i: Mon Aug 31 2026 23:56:48 GMT+0200 (Central European Summer Time), _f: undefined, _strict: undefined, _locale: [object Object]
Error
    at O.createFromInputFallback (file:///S:/SteamLibrary/steamapps/common/Hackhub/resources/app.asar/dist/assets/utils.js:9:3)
    at zm (file:///S:/SteamLibrary/steamapps/common/Hackhub/resources/app.asar/dist/assets/utils.js:9:25839)
    at Xm (file:///S:/SteamLibrary/steamapps/common/Hackhub/resources/app.asar/dist/assets/utils.js:9:29577)
    at qo (file:///S:/SteamLibrary/steamapps/common/Hackhub/resources/app.asar/dist/assets/utils.js:9:29441)
    at Jm (file:///S:/SteamLibrary/steamapps/common/Hackhub/resources/app.asar/dist/assets/utils.js:9:29155)
    at Ko (file:///S:/SteamLibrary/steamapps/common/Hackhub/resources/app.asar/dist/assets/utils.js:9:29944)
    at ne (file:///S:/SteamLibrary/steamapps/common/Hackhub/resources/app.asar/dist/assets/utils.js:9:29978)
    at O (file:///S:/SteamLibrary/steamapps/common/Hackhub/resources/app.asar/dist/assets/utils.js:6:31)
    at FSe (file:///S:/SteamLibrary/steamapps/common/Hackhub/resources/app.asar/dist/assets/index.js:166770:102594)
    at mo (file:///S:/SteamLibrary/steamapps/common/Hackhub/resources/app.asar/dist/assets/vendor.js:30:16959)
    at Wa (file:///S:/SteamLibrary/steamapps/common/Hackhub/resources/app.asar/dist/assets/vendor.js:32:43694)
    at Va (file:///S:/SteamLibrary/steamapps/common/Hackhub/resources/app.asar/dist/assets/vendor.js:32:39499)
    at ud (file:///S:/SteamLibrary/steamapps/common/Hackhub/resources/app.asar/dist/assets/vendor.js:32:39430)
    at Zr (file:///S:/SteamLibrary/steamapps/common/Hackhub/resources/app.asar/dist/assets/vendor.js:32:39289)
    at Ua (file:///S:/SteamLibrary/steamapps/common/Hackhub/resources/app.asar/dist/assets/vendor.js:32:34440)
    at E (file:///S:/SteamLibrary/steamapps/common/Hackhub/resources/app.asar/dist/assets/vendor.js:17:1562)
    at MessagePort.un (file:///S:/SteamLibrary/steamapps/common/Hackhub/resources/app.asar/dist/assets/vendor.js:17:1930)
==============================================

==============================================
[01/09/2026, 15:41:03] [ERROR]
----------------------------------------------
[RENDERER] TypeError: Cannot read properties of undefined (reading 'toLowerCase')
TypeError: Cannot read properties of undefined (reading 'toLowerCase')
    at file:///S:/SteamLibrary/steamapps/common/Hackhub/resources/app.asar/dist/assets/index.js:166770:130685
    at Array.filter (<anonymous>)
    at file:///S:/SteamLibrary/steamapps/common/Hackhub/resources/app.asar/dist/assets/index.js:166770:130631
    at Object.useMemo (file:///S:/SteamLibrary/steamapps/common/Hackhub/resources/app.asar/dist/assets/vendor.js:30:23228)
    at T.useMemo (file:///S:/SteamLibrary/steamapps/common/Hackhub/resources/app.asar/dist/assets/vendor.js:9:6193)
    at ahl (file:///S:/SteamLibrary/steamapps/common/Hackhub/resources/app.asar/dist/assets/index.js:166770:130615)
    at mo (file:///S:/SteamLibrary/steamapps/common/Hackhub/resources/app.asar/dist/assets/vendor.js:30:16959)
    at Wa (file:///S:/SteamLibrary/steamapps/common/Hackhub/resources/app.asar/dist/assets/vendor.js:32:43694)
    at Va (file:///S:/SteamLibrary/steamapps/common/Hackhub/resources/app.asar/dist/assets/vendor.js:32:39499)
    at ud (file:///S:/SteamLibrary/steamapps/common/Hackhub/resources/app.asar/dist/assets/vendor.js:32:39430)
    at Zr (file:///S:/SteamLibrary/steamapps/common/Hackhub/resources/app.asar/dist/assets/vendor.js:32:39289)
    at Ou (file:///S:/SteamLibrary/steamapps/common/Hackhub/resources/app.asar/dist/assets/vendor.js:32:35710)
    at Ua (file:///S:/SteamLibrary/steamapps/common/Hackhub/resources/app.asar/dist/assets/vendor.js:32:34666)
    at E (file:///S:/SteamLibrary/steamapps/common/Hackhub/resources/app.asar/dist/assets/vendor.js:17:1562)
    at MessagePort.un (file:///S:/SteamLibrary/steamapps/common/Hackhub/resources/app.asar/dist/assets/vendor.js:17:1930)
==============================================

==============================================
  APPLICATION CLOSING
  Time: 01/09/2026, 15:48:36
==============================================

==============================================
  HACKHUB LOG FILE
  Started: 01/09/2026, 16:17:53
  Version: 1.1.2
  Platform: win32
  Arch: x64
==============================================


==============================================
[01/09/2026, 16:17:53] [INFO]
----------------------------------------------
Steamworks initalized: Zeis [ZF] - 76561197976480835
==============================================

==============================================
[01/09/2026, 16:17:53] [INFO]
----------------------------------------------
[WorkshopController] initialized with appId: 2980270
==============================================

==============================================
[01/09/2026, 16:17:54] [INFO]
----------------------------------------------
[RENDERER] [Markdown Note Editor] Mod loaded.
==============================================

==============================================
[01/09/2026, 16:17:54] [INFO]
----------------------------------------------
[RENDERER] [nemesis-protocol-stage1] Nemesis Protocol loaded. The mission is waiting in the HackHub feed.
==============================================

==============================================
[01/09/2026, 16:17:54] [INFO]
----------------------------------------------
[RENDERER] Custom Browser mod loaded with ordered categories!
==============================================

==============================================
[01/09/2026, 16:17:54] [INFO]
----------------------------------------------
[RENDERER] RetroArcade v1.0.0 loaded!
==============================================

==============================================
[01/09/2026, 16:17:54] [INFO]
----------------------------------------------
[RENDERER] [darknet-tree] Darknet-Tree loaded! Check the App Store for NotePad.
==============================================

==============================================
[01/09/2026, 16:17:54] [INFO]
----------------------------------------------
[RENDERER] [synthetik-wallet] Synthetik Wallet loaded! Find it in the App Store.
==============================================

==============================================
[01/09/2026, 16:17:54] [INFO]
----------------------------------------------
[RENDERER] [GhostLink] v1.0.2 loaded
==============================================

==============================================
[01/09/2026, 16:17:54] [INFO]
----------------------------------------------
[RENDERER] [python-is-python3] Mod loaded! Run: apt-get install python-is-python3
==============================================

==============================================
[01/09/2026, 16:17:54] [INFO]
----------------------------------------------
[RENDERER] Lockchain Wallet mod loaded: websites, phone wallet, marketplace, miner, and isolated RPC registered.
==============================================

==============================================
[01/09/2026, 16:17:54] [INFO]
----------------------------------------------
[RENDERER] [Fishception] biological daemon loaded
==============================================

==============================================
[01/09/2026, 16:17:54] [INFO]
----------------------------------------------
[RENDERER] [Beginner Handbook+] Registered 109 handbook pages without title prefixes. Language: en.
==============================================

==============================================
[01/09/2026, 16:17:54] [INFO]
----------------------------------------------
[RENDERER] [vault-manager] Vault Manager loaded — password vault & sticky notes ready.
==============================================

==============================================
[01/09/2026, 16:17:55] [ERROR]
----------------------------------------------
(node:30164) [DEP0169] DeprecationWarning: `url.parse()` behavior is not standardized and prone to errors that have security implications. Use the WHATWG URL API instead. CVEs are not issued for `url.parse()` vulnerabilities.
(Use `Hackhub --trace-deprecation ...` to show where the warning was created)
==============================================

==============================================
[01/09/2026, 16:17:55] [WARN]
----------------------------------------------
[Network] POST https://gateway.hotbunny.dev/hackhub/auth/steam/challenge failed after 139ms: ERR_BAD_REQUEST Request failed with status code 429
==============================================

==============================================
[01/09/2026, 16:17:55] [WARN]
----------------------------------------------
[Network] POST https://gateway.hotbunny.dev/hackhub/auth/steam/challenge failed after 45ms: ERR_BAD_REQUEST Request failed with status code 429
==============================================

==============================================
[01/09/2026, 16:17:56] [WARN]
----------------------------------------------
[Network] POST https://gateway.hotbunny.dev/hackhub/auth/steam/challenge failed after 63ms: ERR_BAD_REQUEST Request failed with status code 429
==============================================

==============================================
[01/09/2026, 16:17:56] [WARN]
----------------------------------------------
[Network] POST https://gateway.hotbunny.dev/hackhub/auth/steam/challenge failed after 42ms: ERR_BAD_REQUEST Request failed with status code 429
==============================================

==============================================
[01/09/2026, 16:18:08] [WARN]
----------------------------------------------
[RENDERER] [PruneOrphanQuests] Dropping "TwotterQA" (8tmMyymaom): no installed content defines it.
==============================================

==============================================
[01/09/2026, 16:18:17] [WARN]
----------------------------------------------
[RENDERER] Deprecation warning: value provided is not in a recognized RFC2822 or ISO format. moment construction falls back to js Date(), which is not reliable across all browsers and versions. Non RFC2822/ISO date formats are discouraged. Please refer to http://momentjs.com/guides/#/warnings/js-date/ for more info.
Arguments: 
[0] _isAMomentObject: true, _isUTC: false, _useUTC: false, _l: undefined, _i: Mon Aug 31 2026 23:56:48 GMT+0200 (Central European Summer Time), _f: undefined, _strict: undefined, _locale: [object Object]
Error
    at O.createFromInputFallback (file:///S:/SteamLibrary/steamapps/common/Hackhub/resources/app.asar/dist/assets/utils.js:9:3)
    at zm (file:///S:/SteamLibrary/steamapps/common/Hackhub/resources/app.asar/dist/assets/utils.js:9:25839)
    at Xm (file:///S:/SteamLibrary/steamapps/common/Hackhub/resources/app.asar/dist/assets/utils.js:9:29577)
    at qo (file:///S:/SteamLibrary/steamapps/common/Hackhub/resources/app.asar/dist/assets/utils.js:9:29441)
    at Jm (file:///S:/SteamLibrary/steamapps/common/Hackhub/resources/app.asar/dist/assets/utils.js:9:29155)
    at Ko (file:///S:/SteamLibrary/steamapps/common/Hackhub/resources/app.asar/dist/assets/utils.js:9:29944)
    at ne (file:///S:/SteamLibrary/steamapps/common/Hackhub/resources/app.asar/dist/assets/utils.js:9:29978)
    at O (file:///S:/SteamLibrary/steamapps/common/Hackhub/resources/app.asar/dist/assets/utils.js:6:31)
    at FSe (file:///S:/SteamLibrary/steamapps/common/Hackhub/resources/app.asar/dist/assets/index.js:166770:102594)
    at mo (file:///S:/SteamLibrary/steamapps/common/Hackhub/resources/app.asar/dist/assets/vendor.js:30:16959)
    at Wa (file:///S:/SteamLibrary/steamapps/common/Hackhub/resources/app.asar/dist/assets/vendor.js:32:43694)
    at Va (file:///S:/SteamLibrary/steamapps/common/Hackhub/resources/app.asar/dist/assets/vendor.js:32:39499)
    at ud (file:///S:/SteamLibrary/steamapps/common/Hackhub/resources/app.asar/dist/assets/vendor.js:32:39430)
    at Zr (file:///S:/SteamLibrary/steamapps/common/Hackhub/resources/app.asar/dist/assets/vendor.js:32:39289)
    at Ua (file:///S:/SteamLibrary/steamapps/common/Hackhub/resources/app.asar/dist/assets/vendor.js:32:34440)
    at E (file:///S:/SteamLibrary/steamapps/common/Hackhub/resources/app.asar/dist/assets/vendor.js:17:1562)
    at MessagePort.un (file:///S:/SteamLibrary/steamapps/common/Hackhub/resources/app.asar/dist/assets/vendor.js:17:1930)
==============================================

==============================================
[01/09/2026, 16:18:24] [ERROR]
----------------------------------------------
[RENDERER] TypeError: Cannot read properties of undefined (reading 'toLowerCase')
TypeError: Cannot read properties of undefined (reading 'toLowerCase')
    at file:///S:/SteamLibrary/steamapps/common/Hackhub/resources/app.asar/dist/assets/index.js:166770:130685
    at Array.filter (<anonymous>)
    at file:///S:/SteamLibrary/steamapps/common/Hackhub/resources/app.asar/dist/assets/index.js:166770:130631
    at Object.useMemo (file:///S:/SteamLibrary/steamapps/common/Hackhub/resources/app.asar/dist/assets/vendor.js:30:23228)
    at T.useMemo (file:///S:/SteamLibrary/steamapps/common/Hackhub/resources/app.asar/dist/assets/vendor.js:9:6193)
    at ahl (file:///S:/SteamLibrary/steamapps/common/Hackhub/resources/app.asar/dist/assets/index.js:166770:130615)
    at mo (file:///S:/SteamLibrary/steamapps/common/Hackhub/resources/app.asar/dist/assets/vendor.js:30:16959)
    at Wa (file:///S:/SteamLibrary/steamapps/common/Hackhub/resources/app.asar/dist/assets/vendor.js:32:43694)
    at Va (file:///S:/SteamLibrary/steamapps/common/Hackhub/resources/app.asar/dist/assets/vendor.js:32:39499)
    at ud (file:///S:/SteamLibrary/steamapps/common/Hackhub/resources/app.asar/dist/assets/vendor.js:32:39430)
    at Zr (file:///S:/SteamLibrary/steamapps/common/Hackhub/resources/app.asar/dist/assets/vendor.js:32:39289)
    at Ou (file:///S:/SteamLibrary/steamapps/common/Hackhub/resources/app.asar/dist/assets/vendor.js:32:35710)
    at Ua (file:///S:/SteamLibrary/steamapps/common/Hackhub/resources/app.asar/dist/assets/vendor.js:32:34666)
    at E (file:///S:/SteamLibrary/steamapps/common/Hackhub/resources/app.asar/dist/assets/vendor.js:17:1562)
    at MessagePort.un (file:///S:/SteamLibrary/steamapps/common/Hackhub/resources/app.asar/dist/assets/vendor.js:17:1930)
==============================================

==============================================
  APPLICATION CLOSING
  Time: 01/09/2026, 16:46:25
==============================================

==============================================
  HACKHUB LOG FILE
  Started: 01/09/2026, 16:46:34
  Version: 1.1.2
  Platform: win32
  Arch: x64
==============================================


==============================================
[01/09/2026, 16:46:34] [INFO]
----------------------------------------------
Steamworks initalized: Zeis [ZF] - 76561197976480835
==============================================

==============================================
[01/09/2026, 16:46:34] [INFO]
----------------------------------------------
[WorkshopController] initialized with appId: 2980270
==============================================

==============================================
[01/09/2026, 16:46:35] [INFO]
----------------------------------------------
[RENDERER] [Markdown Note Editor] Mod loaded.
==============================================

==============================================
[01/09/2026, 16:46:35] [INFO]
----------------------------------------------
[RENDERER] [nemesis-protocol-stage1] Nemesis Protocol loaded. The mission is waiting in the HackHub feed.
==============================================

==============================================
[01/09/2026, 16:46:35] [INFO]
----------------------------------------------
[RENDERER] Custom Browser mod loaded with ordered categories!
==============================================

==============================================
[01/09/2026, 16:46:35] [INFO]
----------------------------------------------
[RENDERER] RetroArcade v1.0.0 loaded!
==============================================

==============================================
[01/09/2026, 16:46:35] [INFO]
----------------------------------------------
[RENDERER] [darknet-tree] Darknet-Tree loaded! Check the App Store for NotePad.
==============================================

==============================================
[01/09/2026, 16:46:35] [INFO]
----------------------------------------------
[RENDERER] [synthetik-wallet] Synthetik Wallet loaded! Find it in the App Store.
==============================================

==============================================
[01/09/2026, 16:46:35] [INFO]
----------------------------------------------
[RENDERER] [GhostLink] v1.0.2 loaded
==============================================

==============================================
[01/09/2026, 16:46:35] [INFO]
----------------------------------------------
[RENDERER] [python-is-python3] Mod loaded! Run: apt-get install python-is-python3
==============================================

==============================================
[01/09/2026, 16:46:35] [INFO]
----------------------------------------------
[RENDERER] Lockchain Wallet mod loaded: websites, phone wallet, marketplace, miner, and isolated RPC registered.
==============================================

==============================================
[01/09/2026, 16:46:35] [INFO]
----------------------------------------------
[RENDERER] [Fishception] biological daemon loaded
==============================================

==============================================
[01/09/2026, 16:46:35] [INFO]
----------------------------------------------
[RENDERER] [Beginner Handbook+] Registered 109 handbook pages without title prefixes. Language: en.
==============================================

==============================================
[01/09/2026, 16:46:35] [INFO]
----------------------------------------------
[RENDERER] [vault-manager] Vault Manager loaded — password vault & sticky notes ready.
==============================================

==============================================
[01/09/2026, 16:46:35] [ERROR]
----------------------------------------------
(node:26452) [DEP0169] DeprecationWarning: `url.parse()` behavior is not standardized and prone to errors that have security implications. Use the WHATWG URL API instead. CVEs are not issued for `url.parse()` vulnerabilities.
(Use `Hackhub --trace-deprecation ...` to show where the warning was created)
==============================================

==============================================
[01/09/2026, 16:46:40] [WARN]
----------------------------------------------
[RENDERER] [PruneOrphanQuests] Dropping "TwotterTest2" (di7HwCmEjK): no installed content defines it.
==============================================

==============================================
[01/09/2026, 16:46:48] [WARN]
----------------------------------------------
[RENDERER] Deprecation warning: value provided is not in a recognized RFC2822 or ISO format. moment construction falls back to js Date(), which is not reliable across all browsers and versions. Non RFC2822/ISO date formats are discouraged. Please refer to http://momentjs.com/guides/#/warnings/js-date/ for more info.
Arguments: 
[0] _isAMomentObject: true, _isUTC: false, _useUTC: false, _l: undefined, _i: Mon Aug 31 2026 23:56:48 GMT+0200 (Central European Summer Time), _f: undefined, _strict: undefined, _locale: [object Object]
Error
    at O.createFromInputFallback (file:///S:/SteamLibrary/steamapps/common/Hackhub/resources/app.asar/dist/assets/utils.js:9:3)
    at zm (file:///S:/SteamLibrary/steamapps/common/Hackhub/resources/app.asar/dist/assets/utils.js:9:25839)
    at Xm (file:///S:/SteamLibrary/steamapps/common/Hackhub/resources/app.asar/dist/assets/utils.js:9:29577)
    at qo (file:///S:/SteamLibrary/steamapps/common/Hackhub/resources/app.asar/dist/assets/utils.js:9:29441)
    at Jm (file:///S:/SteamLibrary/steamapps/common/Hackhub/resources/app.asar/dist/assets/utils.js:9:29155)
    at Ko (file:///S:/SteamLibrary/steamapps/common/Hackhub/resources/app.asar/dist/assets/utils.js:9:29944)
    at ne (file:///S:/SteamLibrary/steamapps/common/Hackhub/resources/app.asar/dist/assets/utils.js:9:29978)
    at O (file:///S:/SteamLibrary/steamapps/common/Hackhub/resources/app.asar/dist/assets/utils.js:6:31)
    at FSe (file:///S:/SteamLibrary/steamapps/common/Hackhub/resources/app.asar/dist/assets/index.js:166770:102594)
    at mo (file:///S:/SteamLibrary/steamapps/common/Hackhub/resources/app.asar/dist/assets/vendor.js:30:16959)
    at Wa (file:///S:/SteamLibrary/steamapps/common/Hackhub/resources/app.asar/dist/assets/vendor.js:32:43694)
    at Va (file:///S:/SteamLibrary/steamapps/common/Hackhub/resources/app.asar/dist/assets/vendor.js:32:39499)
    at ud (file:///S:/SteamLibrary/steamapps/common/Hackhub/resources/app.asar/dist/assets/vendor.js:32:39430)
    at Zr (file:///S:/SteamLibrary/steamapps/common/Hackhub/resources/app.asar/dist/assets/vendor.js:32:39289)
    at Ua (file:///S:/SteamLibrary/steamapps/common/Hackhub/resources/app.asar/dist/assets/vendor.js:32:34440)
    at E (file:///S:/SteamLibrary/steamapps/common/Hackhub/resources/app.asar/dist/assets/vendor.js:17:1562)
    at MessagePort.un (file:///S:/SteamLibrary/steamapps/common/Hackhub/resources/app.asar/dist/assets/vendor.js:17:1930)
==============================================

==============================================
[01/09/2026, 16:46:55] [ERROR]
----------------------------------------------
[RENDERER] TypeError: Cannot read properties of undefined (reading 'toLowerCase')
TypeError: Cannot read properties of undefined (reading 'toLowerCase')
    at file:///S:/SteamLibrary/steamapps/common/Hackhub/resources/app.asar/dist/assets/index.js:166770:130685
    at Array.filter (<anonymous>)
    at file:///S:/SteamLibrary/steamapps/common/Hackhub/resources/app.asar/dist/assets/index.js:166770:130631
    at Object.useMemo (file:///S:/SteamLibrary/steamapps/common/Hackhub/resources/app.asar/dist/assets/vendor.js:30:23228)
    at T.useMemo (file:///S:/SteamLibrary/steamapps/common/Hackhub/resources/app.asar/dist/assets/vendor.js:9:6193)
    at ahl (file:///S:/SteamLibrary/steamapps/common/Hackhub/resources/app.asar/dist/assets/index.js:166770:130615)
    at mo (file:///S:/SteamLibrary/steamapps/common/Hackhub/resources/app.asar/dist/assets/vendor.js:30:16959)
    at Wa (file:///S:/SteamLibrary/steamapps/common/Hackhub/resources/app.asar/dist/assets/vendor.js:32:43694)
    at Va (file:///S:/SteamLibrary/steamapps/common/Hackhub/resources/app.asar/dist/assets/vendor.js:32:39499)
    at ud (file:///S:/SteamLibrary/steamapps/common/Hackhub/resources/app.asar/dist/assets/vendor.js:32:39430)
    at Zr (file:///S:/SteamLibrary/steamapps/common/Hackhub/resources/app.asar/dist/assets/vendor.js:32:39289)
    at Ou (file:///S:/SteamLibrary/steamapps/common/Hackhub/resources/app.asar/dist/assets/vendor.js:32:35710)
    at Ua (file:///S:/SteamLibrary/steamapps/common/Hackhub/resources/app.asar/dist/assets/vendor.js:32:34666)
    at E (file:///S:/SteamLibrary/steamapps/common/Hackhub/resources/app.asar/dist/assets/vendor.js:17:1562)
    at MessagePort.un (file:///S:/SteamLibrary/steamapps/common/Hackhub/resources/app.asar/dist/assets/vendor.js:17:1930)
==============================================

==============================================
  APPLICATION CLOSING
  Time: 01/09/2026, 17:35:47
==============================================

==============================================
  HACKHUB LOG FILE
  Started: 01/09/2026, 17:36:04
  Version: 1.1.2
  Platform: win32
  Arch: x64
==============================================


==============================================
[01/09/2026, 17:36:05] [INFO]
----------------------------------------------
Steamworks initalized: Zeis [ZF] - 76561197976480835
==============================================

==============================================
[01/09/2026, 17:36:05] [INFO]
----------------------------------------------
[WorkshopController] initialized with appId: 2980270
==============================================

==============================================
[01/09/2026, 17:36:05] [INFO]
----------------------------------------------
[RENDERER] [Markdown Note Editor] Mod loaded.
==============================================

==============================================
[01/09/2026, 17:36:05] [INFO]
----------------------------------------------
[RENDERER] [nemesis-protocol-stage1] Nemesis Protocol loaded. The mission is waiting in the HackHub feed.
==============================================

==============================================
[01/09/2026, 17:36:05] [INFO]
----------------------------------------------
[RENDERER] Custom Browser mod loaded with ordered categories!
==============================================

==============================================
[01/09/2026, 17:36:05] [INFO]
----------------------------------------------
[RENDERER] RetroArcade v1.0.0 loaded!
==============================================

==============================================
[01/09/2026, 17:36:05] [INFO]
----------------------------------------------
[RENDERER] [darknet-tree] Darknet-Tree loaded! Check the App Store for NotePad.
==============================================

==============================================
[01/09/2026, 17:36:05] [INFO]
----------------------------------------------
[RENDERER] [synthetik-wallet] Synthetik Wallet loaded! Find it in the App Store.
==============================================

==============================================
[01/09/2026, 17:36:05] [INFO]
----------------------------------------------
[RENDERER] [GhostLink] v1.0.2 loaded
==============================================

==============================================
[01/09/2026, 17:36:05] [INFO]
----------------------------------------------
[RENDERER] [python-is-python3] Mod loaded! Run: apt-get install python-is-python3
==============================================

==============================================
[01/09/2026, 17:36:05] [INFO]
----------------------------------------------
[RENDERER] Lockchain Wallet mod loaded: websites, phone wallet, marketplace, miner, and isolated RPC registered.
==============================================

==============================================
[01/09/2026, 17:36:06] [INFO]
----------------------------------------------
[RENDERER] [Fishception] biological daemon loaded
==============================================

==============================================
[01/09/2026, 17:36:06] [INFO]
----------------------------------------------
[RENDERER] [Beginner Handbook+] Registered 109 handbook pages without title prefixes. Language: en.
==============================================

==============================================
[01/09/2026, 17:36:06] [INFO]
----------------------------------------------
[RENDERER] [vault-manager] Vault Manager loaded — password vault & sticky notes ready.
==============================================

==============================================
[01/09/2026, 17:36:06] [ERROR]
----------------------------------------------
(node:31296) [DEP0169] DeprecationWarning: `url.parse()` behavior is not standardized and prone to errors that have security implications. Use the WHATWG URL API instead. CVEs are not issued for `url.parse()` vulnerabilities.
(Use `Hackhub --trace-deprecation ...` to show where the warning was created)
==============================================

==============================================
[01/09/2026, 17:36:25] [WARN]
----------------------------------------------
[RENDERER] Deprecation warning: value provided is not in a recognized RFC2822 or ISO format. moment construction falls back to js Date(), which is not reliable across all browsers and versions. Non RFC2822/ISO date formats are discouraged. Please refer to http://momentjs.com/guides/#/warnings/js-date/ for more info.
Arguments: 
[0] _isAMomentObject: true, _isUTC: false, _useUTC: false, _l: undefined, _i: Sun Aug 30 2026 14:58:53 GMT+0200 (Central European Summer Time), _f: undefined, _strict: undefined, _locale: [object Object]
Error
    at O.createFromInputFallback (file:///S:/SteamLibrary/steamapps/common/Hackhub/resources/app.asar/dist/assets/utils.js:9:3)
    at zm (file:///S:/SteamLibrary/steamapps/common/Hackhub/resources/app.asar/dist/assets/utils.js:9:25839)
    at Xm (file:///S:/SteamLibrary/steamapps/common/Hackhub/resources/app.asar/dist/assets/utils.js:9:29577)
    at qo (file:///S:/SteamLibrary/steamapps/common/Hackhub/resources/app.asar/dist/assets/utils.js:9:29441)
    at Jm (file:///S:/SteamLibrary/steamapps/common/Hackhub/resources/app.asar/dist/assets/utils.js:9:29155)
    at Ko (file:///S:/SteamLibrary/steamapps/common/Hackhub/resources/app.asar/dist/assets/utils.js:9:29944)
    at ne (file:///S:/SteamLibrary/steamapps/common/Hackhub/resources/app.asar/dist/assets/utils.js:9:29978)
    at O (file:///S:/SteamLibrary/steamapps/common/Hackhub/resources/app.asar/dist/assets/utils.js:6:31)
    at Hsl (file:///S:/SteamLibrary/steamapps/common/Hackhub/resources/app.asar/dist/assets/index.js:166770:56184)
    at mo (file:///S:/SteamLibrary/steamapps/common/Hackhub/resources/app.asar/dist/assets/vendor.js:30:16959)
    at Wa (file:///S:/SteamLibrary/steamapps/common/Hackhub/resources/app.asar/dist/assets/vendor.js:32:43694)
    at Va (file:///S:/SteamLibrary/steamapps/common/Hackhub/resources/app.asar/dist/assets/vendor.js:32:39499)
    at ud (file:///S:/SteamLibrary/steamapps/common/Hackhub/resources/app.asar/dist/assets/vendor.js:32:39430)
    at Zr (file:///S:/SteamLibrary/steamapps/common/Hackhub/resources/app.asar/dist/assets/vendor.js:32:39289)
    at Ua (file:///S:/SteamLibrary/steamapps/common/Hackhub/resources/app.asar/dist/assets/vendor.js:32:34440)
    at E (file:///S:/SteamLibrary/steamapps/common/Hackhub/resources/app.asar/dist/assets/vendor.js:17:1562)
    at MessagePort.un (file:///S:/SteamLibrary/steamapps/common/Hackhub/resources/app.asar/dist/assets/vendor.js:17:1930)
==============================================

==============================================
  APPLICATION CLOSING
  Time: 01/09/2026, 17:37:27
==============================================

==============================================
  HACKHUB LOG FILE
  Started: 01/09/2026, 17:37:36
  Version: 1.1.2
  Platform: win32
  Arch: x64
==============================================


==============================================
[01/09/2026, 17:37:36] [INFO]
----------------------------------------------
Steamworks initalized: Zeis [ZF] - 76561197976480835
==============================================

==============================================
[01/09/2026, 17:37:36] [INFO]
----------------------------------------------
[WorkshopController] initialized with appId: 2980270
==============================================

==============================================
[01/09/2026, 17:37:37] [INFO]
----------------------------------------------
[RENDERER] [Markdown Note Editor] Mod loaded.
==============================================

==============================================
[01/09/2026, 17:37:37] [INFO]
----------------------------------------------
[RENDERER] [nemesis-protocol-stage1] Nemesis Protocol loaded. The mission is waiting in the HackHub feed.
==============================================

==============================================
[01/09/2026, 17:37:37] [INFO]
----------------------------------------------
[RENDERER] Custom Browser mod loaded with ordered categories!
==============================================

==============================================
[01/09/2026, 17:37:37] [INFO]
----------------------------------------------
[RENDERER] RetroArcade v1.0.0 loaded!
==============================================

==============================================
[01/09/2026, 17:37:37] [INFO]
----------------------------------------------
[RENDERER] [darknet-tree] Darknet-Tree loaded! Check the App Store for NotePad.
==============================================

==============================================
[01/09/2026, 17:37:37] [INFO]
----------------------------------------------
[RENDERER] [synthetik-wallet] Synthetik Wallet loaded! Find it in the App Store.
==============================================

==============================================
[01/09/2026, 17:37:37] [INFO]
----------------------------------------------
[RENDERER] [GhostLink] v1.0.2 loaded
==============================================

==============================================
[01/09/2026, 17:37:37] [INFO]
----------------------------------------------
[RENDERER] [python-is-python3] Mod loaded! Run: apt-get install python-is-python3
==============================================

==============================================
[01/09/2026, 17:37:37] [INFO]
----------------------------------------------
[RENDERER] Lockchain Wallet mod loaded: websites, phone wallet, marketplace, miner, and isolated RPC registered.
==============================================

==============================================
[01/09/2026, 17:37:37] [INFO]
----------------------------------------------
[RENDERER] [Fishception] biological daemon loaded
==============================================

==============================================
[01/09/2026, 17:37:37] [INFO]
----------------------------------------------
[RENDERER] [Beginner Handbook+] Registered 109 handbook pages without title prefixes. Language: en.
==============================================

==============================================
[01/09/2026, 17:37:37] [INFO]
----------------------------------------------
[RENDERER] [vault-manager] Vault Manager loaded — password vault & sticky notes ready.
==============================================

==============================================
[01/09/2026, 17:37:37] [ERROR]
----------------------------------------------
(node:26068) [DEP0169] DeprecationWarning: `url.parse()` behavior is not standardized and prone to errors that have security implications. Use the WHATWG URL API instead. CVEs are not issued for `url.parse()` vulnerabilities.
(Use `Hackhub --trace-deprecation ...` to show where the warning was created)
==============================================

==============================================
[01/09/2026, 17:37:37] [WARN]
----------------------------------------------
[Network] POST https://gateway.hotbunny.dev/hackhub/auth/steam/challenge failed after 87ms: ERR_BAD_REQUEST Request failed with status code 429
==============================================

==============================================
[01/09/2026, 17:37:37] [WARN]
----------------------------------------------
[Network] POST https://gateway.hotbunny.dev/hackhub/auth/steam/challenge failed after 45ms: ERR_BAD_REQUEST Request failed with status code 429
==============================================

==============================================
[01/09/2026, 17:37:38] [WARN]
----------------------------------------------
[Network] POST https://gateway.hotbunny.dev/hackhub/auth/steam/challenge failed after 42ms: ERR_BAD_REQUEST Request failed with status code 429
==============================================

==============================================
[01/09/2026, 17:37:43] [WARN]
----------------------------------------------
[RENDERER] [PruneOrphanQuests] Dropping "TwotterQATest3" (ljaWCmdzdf): no installed content defines it.
==============================================

==============================================
  APPLICATION CLOSING
  Time: 01/09/2026, 17:37:45
==============================================

==============================================
  HACKHUB LOG FILE
  Started: 01/09/2026, 17:38:11
  Version: 1.1.2
  Platform: win32
  Arch: x64
==============================================


==============================================
[01/09/2026, 17:38:11] [INFO]
----------------------------------------------
Steamworks initalized: Zeis [ZF] - 76561197976480835
==============================================

==============================================
[01/09/2026, 17:38:11] [INFO]
----------------------------------------------
[WorkshopController] initialized with appId: 2980270
==============================================

==============================================
[01/09/2026, 17:38:12] [INFO]
----------------------------------------------
[RENDERER] [Markdown Note Editor] Mod loaded.
==============================================

==============================================
[01/09/2026, 17:38:12] [INFO]
----------------------------------------------
[RENDERER] [nemesis-protocol-stage1] Nemesis Protocol loaded. The mission is waiting in the HackHub feed.
==============================================

==============================================
[01/09/2026, 17:38:12] [INFO]
----------------------------------------------
[RENDERER] Custom Browser mod loaded with ordered categories!
==============================================

==============================================
[01/09/2026, 17:38:12] [INFO]
----------------------------------------------
[RENDERER] RetroArcade v1.0.0 loaded!
==============================================

==============================================
[01/09/2026, 17:38:12] [INFO]
----------------------------------------------
[RENDERER] [darknet-tree] Darknet-Tree loaded! Check the App Store for NotePad.
==============================================

==============================================
[01/09/2026, 17:38:12] [INFO]
----------------------------------------------
[RENDERER] [synthetik-wallet] Synthetik Wallet loaded! Find it in the App Store.
==============================================

==============================================
[01/09/2026, 17:38:12] [INFO]
----------------------------------------------
[RENDERER] [GhostLink] v1.0.2 loaded
==============================================

==============================================
[01/09/2026, 17:38:12] [INFO]
----------------------------------------------
[RENDERER] [python-is-python3] Mod loaded! Run: apt-get install python-is-python3
==============================================

==============================================
[01/09/2026, 17:38:12] [INFO]
----------------------------------------------
[RENDERER] Lockchain Wallet mod loaded: websites, phone wallet, marketplace, miner, and isolated RPC registered.
==============================================

==============================================
[01/09/2026, 17:38:12] [INFO]
----------------------------------------------
[RENDERER] [Fishception] biological daemon loaded
==============================================

==============================================
[01/09/2026, 17:38:12] [INFO]
----------------------------------------------
[RENDERER] [Beginner Handbook+] Registered 109 handbook pages without title prefixes. Language: en.
==============================================

==============================================
[01/09/2026, 17:38:12] [INFO]
----------------------------------------------
[RENDERER] [vault-manager] Vault Manager loaded — password vault & sticky notes ready.
==============================================

==============================================
[01/09/2026, 17:38:12] [ERROR]
----------------------------------------------
(node:35400) [DEP0169] DeprecationWarning: `url.parse()` behavior is not standardized and prone to errors that have security implications. Use the WHATWG URL API instead. CVEs are not issued for `url.parse()` vulnerabilities.
(Use `Hackhub --trace-deprecation ...` to show where the warning was created)
==============================================

==============================================
[01/09/2026, 17:38:12] [WARN]
----------------------------------------------
[Network] POST https://gateway.hotbunny.dev/hackhub/auth/steam/challenge failed after 87ms: ERR_BAD_REQUEST Request failed with status code 429
==============================================

==============================================
[01/09/2026, 17:38:13] [WARN]
----------------------------------------------
[Network] POST https://gateway.hotbunny.dev/hackhub/auth/steam/challenge failed after 42ms: ERR_BAD_REQUEST Request failed with status code 429
==============================================

==============================================
[01/09/2026, 17:38:13] [WARN]
----------------------------------------------
[Network] POST https://gateway.hotbunny.dev/hackhub/auth/steam/challenge failed after 43ms: ERR_BAD_REQUEST Request failed with status code 429
==============================================

==============================================
[01/09/2026, 17:38:13] [WARN]
----------------------------------------------
[Network] POST https://gateway.hotbunny.dev/hackhub/auth/steam/challenge failed after 46ms: ERR_BAD_REQUEST Request failed with status code 429
==============================================

==============================================
[01/09/2026, 17:38:14] [WARN]
----------------------------------------------
[Network] POST https://gateway.hotbunny.dev/hackhub/auth/steam/challenge failed after 42ms: ERR_BAD_REQUEST Request failed with status code 429
==============================================

==============================================
[01/09/2026, 17:38:16] [WARN]
----------------------------------------------
[Network] POST https://gateway.hotbunny.dev/hackhub/auth/steam failed after 48ms: ERR_BAD_REQUEST Request failed with status code 429
==============================================

==============================================
[01/09/2026, 17:38:16] [WARN]
----------------------------------------------
[Network] GET https://gateway.hotbunny.dev/hackhub/announcements?limit=10 failed after 40ms: ERR_BAD_REQUEST Request failed with status code 401
==============================================

==============================================
[01/09/2026, 17:38:16] [WARN]
----------------------------------------------
[Network] GET https://gateway.hotbunny.dev/hackhub/stats failed after 43ms: ERR_BAD_REQUEST Request failed with status code 401
==============================================

==============================================
[01/09/2026, 17:38:16] [WARN]
----------------------------------------------
[Network] GET https://gateway.hotbunny.dev/hackhub/featured-mods failed after 84ms: ERR_BAD_REQUEST Request failed with status code 401
==============================================

==============================================
[01/09/2026, 17:38:16] [WARN]
----------------------------------------------
[Network] GET https://gateway.hotbunny.dev/hackhub/dlc-store/config failed after 85ms: ERR_BAD_REQUEST Request failed with status code 401
==============================================

==============================================
[01/09/2026, 17:38:16] [WARN]
----------------------------------------------
[Network] GET https://gateway.hotbunny.dev/hackhub/actions failed after 87ms: ERR_BAD_REQUEST Request failed with status code 401
==============================================

==============================================
[01/09/2026, 17:38:16] [WARN]
----------------------------------------------
[Network] GET https://gateway.hotbunny.dev/hackhub/polls failed after 88ms: ERR_BAD_REQUEST Request failed with status code 401
==============================================

==============================================
[01/09/2026, 17:38:16] [WARN]
----------------------------------------------
[Network] GET https://gateway.hotbunny.dev/hackhub/pages failed after 88ms: ERR_BAD_REQUEST Request failed with status code 401
==============================================

==============================================
[01/09/2026, 17:38:16] [WARN]
----------------------------------------------
[Network] POST https://gateway.hotbunny.dev/hackhub/auth/steam/challenge failed after 46ms: ERR_BAD_REQUEST Request failed with status code 429
==============================================

==============================================
[01/09/2026, 17:38:16] [WARN]
----------------------------------------------
[Network] POST https://gateway.hotbunny.dev/hackhub/auth/steam/challenge failed after 45ms: ERR_BAD_REQUEST Request failed with status code 429
==============================================

==============================================
[01/09/2026, 17:38:17] [WARN]
----------------------------------------------
[Network] POST https://gateway.hotbunny.dev/hackhub/auth/steam/challenge failed after 46ms: ERR_BAD_REQUEST Request failed with status code 429
==============================================

==============================================
[01/09/2026, 17:38:17] [WARN]
----------------------------------------------
[Network] GET https://gateway.hotbunny.dev/hackhub/player-notifications?limit=50 failed after 43ms: ERR_BAD_REQUEST Request failed with status code 401
==============================================

==============================================
[01/09/2026, 17:38:17] [WARN]
----------------------------------------------
[Network] GET https://gateway.hotbunny.dev/hackhub/player-notifications?limit=50 failed after 43ms: ERR_BAD_REQUEST Request failed with status code 401
==============================================

==============================================
[01/09/2026, 17:38:27] [WARN]
----------------------------------------------
[RENDERER] Deprecation warning: value provided is not in a recognized RFC2822 or ISO format. moment construction falls back to js Date(), which is not reliable across all browsers and versions. Non RFC2822/ISO date formats are discouraged. Please refer to http://momentjs.com/guides/#/warnings/js-date/ for more info.
Arguments: 
[0] _isAMomentObject: true, _isUTC: false, _useUTC: false, _l: undefined, _i: Tue Sep 01 2026 17:38:12 GMT+0200 (Central European Summer Time), _f: undefined, _strict: undefined, _locale: [object Object]
Error
    at O.createFromInputFallback (file:///S:/SteamLibrary/steamapps/common/Hackhub/resources/app.asar/dist/assets/utils.js:9:3)
    at zm (file:///S:/SteamLibrary/steamapps/common/Hackhub/resources/app.asar/dist/assets/utils.js:9:25839)
    at Xm (file:///S:/SteamLibrary/steamapps/common/Hackhub/resources/app.asar/dist/assets/utils.js:9:29577)
    at qo (file:///S:/SteamLibrary/steamapps/common/Hackhub/resources/app.asar/dist/assets/utils.js:9:29441)
    at Jm (file:///S:/SteamLibrary/steamapps/common/Hackhub/resources/app.asar/dist/assets/utils.js:9:29155)
    at Ko (file:///S:/SteamLibrary/steamapps/common/Hackhub/resources/app.asar/dist/assets/utils.js:9:29944)
    at ne (file:///S:/SteamLibrary/steamapps/common/Hackhub/resources/app.asar/dist/assets/utils.js:9:29978)
    at O (file:///S:/SteamLibrary/steamapps/common/Hackhub/resources/app.asar/dist/assets/utils.js:6:31)
    at FSe (file:///S:/SteamLibrary/steamapps/common/Hackhub/resources/app.asar/dist/assets/index.js:166770:102594)
    at mo (file:///S:/SteamLibrary/steamapps/common/Hackhub/resources/app.asar/dist/assets/vendor.js:30:16959)
    at Wa (file:///S:/SteamLibrary/steamapps/common/Hackhub/resources/app.asar/dist/assets/vendor.js:32:43694)
    at Va (file:///S:/SteamLibrary/steamapps/common/Hackhub/resources/app.asar/dist/assets/vendor.js:32:39499)
    at ud (file:///S:/SteamLibrary/steamapps/common/Hackhub/resources/app.asar/dist/assets/vendor.js:32:39430)
    at Zr (file:///S:/SteamLibrary/steamapps/common/Hackhub/resources/app.asar/dist/assets/vendor.js:32:39289)
    at Ua (file:///S:/SteamLibrary/steamapps/common/Hackhub/resources/app.asar/dist/assets/vendor.js:32:34440)
    at E (file:///S:/SteamLibrary/steamapps/common/Hackhub/resources/app.asar/dist/assets/vendor.js:17:1562)
    at MessagePort.un (file:///S:/SteamLibrary/steamapps/common/Hackhub/resources/app.asar/dist/assets/vendor.js:17:1930)
==============================================

==============================================
[01/09/2026, 17:38:36] [ERROR]
----------------------------------------------
[RENDERER] TypeError: Cannot read properties of undefined (reading 'toLowerCase')
TypeError: Cannot read properties of undefined (reading 'toLowerCase')
    at file:///S:/SteamLibrary/steamapps/common/Hackhub/resources/app.asar/dist/assets/index.js:166770:130685
    at Array.filter (<anonymous>)
    at file:///S:/SteamLibrary/steamapps/common/Hackhub/resources/app.asar/dist/assets/index.js:166770:130631
    at Object.useMemo (file:///S:/SteamLibrary/steamapps/common/Hackhub/resources/app.asar/dist/assets/vendor.js:30:23228)
    at T.useMemo (file:///S:/SteamLibrary/steamapps/common/Hackhub/resources/app.asar/dist/assets/vendor.js:9:6193)
    at ahl (file:///S:/SteamLibrary/steamapps/common/Hackhub/resources/app.asar/dist/assets/index.js:166770:130615)
    at mo (file:///S:/SteamLibrary/steamapps/common/Hackhub/resources/app.asar/dist/assets/vendor.js:30:16959)
    at Wa (file:///S:/SteamLibrary/steamapps/common/Hackhub/resources/app.asar/dist/assets/vendor.js:32:43694)
    at Va (file:///S:/SteamLibrary/steamapps/common/Hackhub/resources/app.asar/dist/assets/vendor.js:32:39499)
    at ud (file:///S:/SteamLibrary/steamapps/common/Hackhub/resources/app.asar/dist/assets/vendor.js:32:39430)
    at Zr (file:///S:/SteamLibrary/steamapps/common/Hackhub/resources/app.asar/dist/assets/vendor.js:32:39289)
    at Ou (file:///S:/SteamLibrary/steamapps/common/Hackhub/resources/app.asar/dist/assets/vendor.js:32:35710)
    at Ua (file:///S:/SteamLibrary/steamapps/common/Hackhub/resources/app.asar/dist/assets/vendor.js:32:34666)
    at E (file:///S:/SteamLibrary/steamapps/common/Hackhub/resources/app.asar/dist/assets/vendor.js:17:1562)
    at MessagePort.un (file:///S:/SteamLibrary/steamapps/common/Hackhub/resources/app.asar/dist/assets/vendor.js:17:1930)
==============================================

==============================================
  APPLICATION CLOSING
  Time: 01/09/2026, 17:39:18
==============================================

==============================================
  HACKHUB LOG FILE
  Started: 01/09/2026, 17:39:27
  Version: 1.1.2
  Platform: win32
  Arch: x64
==============================================


==============================================
[01/09/2026, 17:39:27] [INFO]
----------------------------------------------
Steamworks initalized: Zeis [ZF] - 76561197976480835
==============================================

==============================================
[01/09/2026, 17:39:27] [INFO]
----------------------------------------------
[WorkshopController] initialized with appId: 2980270
==============================================

==============================================
[01/09/2026, 17:39:28] [INFO]
----------------------------------------------
[RENDERER] [Markdown Note Editor] Mod loaded.
==============================================

==============================================
[01/09/2026, 17:39:28] [INFO]
----------------------------------------------
[RENDERER] [nemesis-protocol-stage1] Nemesis Protocol loaded. The mission is waiting in the HackHub feed.
==============================================

==============================================
[01/09/2026, 17:39:28] [INFO]
----------------------------------------------
[RENDERER] Custom Browser mod loaded with ordered categories!
==============================================

==============================================
[01/09/2026, 17:39:28] [INFO]
----------------------------------------------
[RENDERER] RetroArcade v1.0.0 loaded!
==============================================

==============================================
[01/09/2026, 17:39:28] [INFO]
----------------------------------------------
[RENDERER] [darknet-tree] Darknet-Tree loaded! Check the App Store for NotePad.
==============================================

==============================================
[01/09/2026, 17:39:28] [INFO]
----------------------------------------------
[RENDERER] [synthetik-wallet] Synthetik Wallet loaded! Find it in the App Store.
==============================================

==============================================
[01/09/2026, 17:39:28] [INFO]
----------------------------------------------
[RENDERER] [GhostLink] v1.0.2 loaded
==============================================

==============================================
[01/09/2026, 17:39:28] [INFO]
----------------------------------------------
[RENDERER] [python-is-python3] Mod loaded! Run: apt-get install python-is-python3
==============================================

==============================================
[01/09/2026, 17:39:28] [INFO]
----------------------------------------------
[RENDERER] Lockchain Wallet mod loaded: websites, phone wallet, marketplace, miner, and isolated RPC registered.
==============================================

==============================================
[01/09/2026, 17:39:28] [INFO]
----------------------------------------------
[RENDERER] [Fishception] biological daemon loaded
==============================================

==============================================
[01/09/2026, 17:39:28] [INFO]
----------------------------------------------
[RENDERER] [Beginner Handbook+] Registered 109 handbook pages without title prefixes. Language: en.
==============================================

==============================================
[01/09/2026, 17:39:28] [INFO]
----------------------------------------------
[RENDERER] [vault-manager] Vault Manager loaded — password vault & sticky notes ready.
==============================================

==============================================
[01/09/2026, 17:39:28] [ERROR]
----------------------------------------------
(node:6680) [DEP0169] DeprecationWarning: `url.parse()` behavior is not standardized and prone to errors that have security implications. Use the WHATWG URL API instead. CVEs are not issued for `url.parse()` vulnerabilities.
(Use `Hackhub --trace-deprecation ...` to show where the warning was created)
==============================================

==============================================
[01/09/2026, 17:39:28] [WARN]
----------------------------------------------
[Network] POST https://gateway.hotbunny.dev/hackhub/auth/steam/challenge failed after 96ms: ERR_BAD_REQUEST Request failed with status code 429
==============================================

==============================================
[01/09/2026, 17:39:29] [WARN]
----------------------------------------------
[Network] POST https://gateway.hotbunny.dev/hackhub/auth/steam/challenge failed after 50ms: ERR_BAD_REQUEST Request failed with status code 429
==============================================

==============================================
[01/09/2026, 17:39:29] [WARN]
----------------------------------------------
[Network] POST https://gateway.hotbunny.dev/hackhub/auth/steam/challenge failed after 49ms: ERR_BAD_REQUEST Request failed with status code 429
==============================================

==============================================
[01/09/2026, 17:39:39] [WARN]
----------------------------------------------
[RENDERER] Deprecation warning: value provided is not in a recognized RFC2822 or ISO format. moment construction falls back to js Date(), which is not reliable across all browsers and versions. Non RFC2822/ISO date formats are discouraged. Please refer to http://momentjs.com/guides/#/warnings/js-date/ for more info.
Arguments: 
[0] _isAMomentObject: true, _isUTC: false, _useUTC: false, _l: undefined, _i: Tue Sep 01 2026 17:39:28 GMT+0200 (Central European Summer Time), _f: undefined, _strict: undefined, _locale: [object Object]
Error
    at O.createFromInputFallback (file:///S:/SteamLibrary/steamapps/common/Hackhub/resources/app.asar/dist/assets/utils.js:9:3)
    at zm (file:///S:/SteamLibrary/steamapps/common/Hackhub/resources/app.asar/dist/assets/utils.js:9:25839)
    at Xm (file:///S:/SteamLibrary/steamapps/common/Hackhub/resources/app.asar/dist/assets/utils.js:9:29577)
    at qo (file:///S:/SteamLibrary/steamapps/common/Hackhub/resources/app.asar/dist/assets/utils.js:9:29441)
    at Jm (file:///S:/SteamLibrary/steamapps/common/Hackhub/resources/app.asar/dist/assets/utils.js:9:29155)
    at Ko (file:///S:/SteamLibrary/steamapps/common/Hackhub/resources/app.asar/dist/assets/utils.js:9:29944)
    at ne (file:///S:/SteamLibrary/steamapps/common/Hackhub/resources/app.asar/dist/assets/utils.js:9:29978)
    at O (file:///S:/SteamLibrary/steamapps/common/Hackhub/resources/app.asar/dist/assets/utils.js:6:31)
    at FSe (file:///S:/SteamLibrary/steamapps/common/Hackhub/resources/app.asar/dist/assets/index.js:166770:102594)
    at mo (file:///S:/SteamLibrary/steamapps/common/Hackhub/resources/app.asar/dist/assets/vendor.js:30:16959)
    at Wa (file:///S:/SteamLibrary/steamapps/common/Hackhub/resources/app.asar/dist/assets/vendor.js:32:43694)
    at Va (file:///S:/SteamLibrary/steamapps/common/Hackhub/resources/app.asar/dist/assets/vendor.js:32:39499)
    at ud (file:///S:/SteamLibrary/steamapps/common/Hackhub/resources/app.asar/dist/assets/vendor.js:32:39430)
    at Zr (file:///S:/SteamLibrary/steamapps/common/Hackhub/resources/app.asar/dist/assets/vendor.js:32:39289)
    at Ua (file:///S:/SteamLibrary/steamapps/common/Hackhub/resources/app.asar/dist/assets/vendor.js:32:34440)
    at E (file:///S:/SteamLibrary/steamapps/common/Hackhub/resources/app.asar/dist/assets/vendor.js:17:1562)
    at MessagePort.un (file:///S:/SteamLibrary/steamapps/common/Hackhub/resources/app.asar/dist/assets/vendor.js:17:1930)
==============================================

==============================================
  APPLICATION CLOSING
  Time: 01/09/2026, 17:43:10
==============================================

==============================================
  HACKHUB LOG FILE
  Started: 01/09/2026, 17:43:29
  Version: 1.1.2
  Platform: win32
  Arch: x64
==============================================


==============================================
[01/09/2026, 17:43:29] [INFO]
----------------------------------------------
Steamworks initalized: Zeis [ZF] - 76561197976480835
==============================================

==============================================
[01/09/2026, 17:43:29] [INFO]
----------------------------------------------
[WorkshopController] initialized with appId: 2980270
==============================================

==============================================
[01/09/2026, 17:43:30] [INFO]
----------------------------------------------
[RENDERER] [Markdown Note Editor] Mod loaded.
==============================================

==============================================
[01/09/2026, 17:43:30] [INFO]
----------------------------------------------
[RENDERER] [nemesis-protocol-stage1] Nemesis Protocol loaded. The mission is waiting in the HackHub feed.
==============================================

==============================================
[01/09/2026, 17:43:30] [INFO]
----------------------------------------------
[RENDERER] Custom Browser mod loaded with ordered categories!
==============================================

==============================================
[01/09/2026, 17:43:30] [INFO]
----------------------------------------------
[RENDERER] RetroArcade v1.0.0 loaded!
==============================================

==============================================
[01/09/2026, 17:43:30] [INFO]
----------------------------------------------
[RENDERER] [darknet-tree] Darknet-Tree loaded! Check the App Store for NotePad.
==============================================

==============================================
[01/09/2026, 17:43:30] [INFO]
----------------------------------------------
[RENDERER] [synthetik-wallet] Synthetik Wallet loaded! Find it in the App Store.
==============================================

==============================================
[01/09/2026, 17:43:30] [INFO]
----------------------------------------------
[RENDERER] [GhostLink] v1.0.2 loaded
==============================================

==============================================
[01/09/2026, 17:43:30] [INFO]
----------------------------------------------
[RENDERER] [python-is-python3] Mod loaded! Run: apt-get install python-is-python3
==============================================

==============================================
[01/09/2026, 17:43:30] [INFO]
----------------------------------------------
[RENDERER] Lockchain Wallet mod loaded: websites, phone wallet, marketplace, miner, and isolated RPC registered.
==============================================

==============================================
[01/09/2026, 17:43:30] [INFO]
----------------------------------------------
[RENDERER] [Fishception] biological daemon loaded
==============================================

==============================================
[01/09/2026, 17:43:30] [INFO]
----------------------------------------------
[RENDERER] [Beginner Handbook+] Registered 109 handbook pages without title prefixes. Language: en.
==============================================

==============================================
[01/09/2026, 17:43:30] [INFO]
----------------------------------------------
[RENDERER] [vault-manager] Vault Manager loaded — password vault & sticky notes ready.
==============================================

==============================================
[01/09/2026, 17:43:30] [ERROR]
----------------------------------------------
(node:34484) [DEP0169] DeprecationWarning: `url.parse()` behavior is not standardized and prone to errors that have security implications. Use the WHATWG URL API instead. CVEs are not issued for `url.parse()` vulnerabilities.
(Use `Hackhub --trace-deprecation ...` to show where the warning was created)
==============================================

==============================================
[01/09/2026, 17:43:32] [WARN]
----------------------------------------------
[Network] POST https://gateway.hotbunny.dev/hackhub/auth/steam failed after 51ms: ERR_BAD_REQUEST Request failed with status code 429
==============================================

==============================================
[01/09/2026, 17:43:32] [WARN]
----------------------------------------------
[Network] POST https://gateway.hotbunny.dev/hackhub/auth/steam/challenge failed after 52ms: ERR_BAD_REQUEST Request failed with status code 429
==============================================

==============================================
[01/09/2026, 17:43:33] [WARN]
----------------------------------------------
[Network] POST https://gateway.hotbunny.dev/hackhub/auth/steam/challenge failed after 39ms: ERR_BAD_REQUEST Request failed with status code 429
==============================================

==============================================
[01/09/2026, 17:43:33] [WARN]
----------------------------------------------
[Network] POST https://gateway.hotbunny.dev/hackhub/auth/steam/challenge failed after 40ms: ERR_BAD_REQUEST Request failed with status code 429
==============================================

==============================================
[01/09/2026, 17:43:33] [WARN]
----------------------------------------------
[Network] POST https://gateway.hotbunny.dev/hackhub/auth/steam/challenge failed after 39ms: ERR_BAD_REQUEST Request failed with status code 429
==============================================

==============================================
[01/09/2026, 17:43:34] [WARN]
----------------------------------------------
[Network] POST https://gateway.hotbunny.dev/hackhub/auth/steam/challenge failed after 44ms: ERR_BAD_REQUEST Request failed with status code 429
==============================================

==============================================
[01/09/2026, 17:43:34] [WARN]
----------------------------------------------
[Network] GET https://gateway.hotbunny.dev/hackhub/stats failed after 40ms: ERR_BAD_REQUEST Request failed with status code 401
==============================================

==============================================
[01/09/2026, 17:43:34] [WARN]
----------------------------------------------
[Network] GET https://gateway.hotbunny.dev/hackhub/announcements?limit=10 failed after 44ms: ERR_BAD_REQUEST Request failed with status code 401
==============================================

==============================================
[01/09/2026, 17:43:34] [WARN]
----------------------------------------------
[Network] GET https://gateway.hotbunny.dev/hackhub/dlc-store/config failed after 79ms: ERR_BAD_REQUEST Request failed with status code 401
==============================================

==============================================
[01/09/2026, 17:43:34] [WARN]
----------------------------------------------
[Network] GET https://gateway.hotbunny.dev/hackhub/actions failed after 82ms: ERR_BAD_REQUEST Request failed with status code 401
==============================================

==============================================
[01/09/2026, 17:43:34] [WARN]
----------------------------------------------
[Network] GET https://gateway.hotbunny.dev/hackhub/polls failed after 87ms: ERR_BAD_REQUEST Request failed with status code 401
==============================================

==============================================
[01/09/2026, 17:43:34] [WARN]
----------------------------------------------
[Network] GET https://gateway.hotbunny.dev/hackhub/featured-mods failed after 87ms: ERR_BAD_REQUEST Request failed with status code 401
==============================================

==============================================
[01/09/2026, 17:43:34] [WARN]
----------------------------------------------
[Network] GET https://gateway.hotbunny.dev/hackhub/pages failed after 88ms: ERR_BAD_REQUEST Request failed with status code 401
==============================================

==============================================
[01/09/2026, 17:43:34] [WARN]
----------------------------------------------
[Network] POST https://gateway.hotbunny.dev/hackhub/auth/steam/challenge failed after 39ms: ERR_BAD_REQUEST Request failed with status code 429
==============================================

==============================================
[01/09/2026, 17:43:35] [WARN]
----------------------------------------------
[Network] POST https://gateway.hotbunny.dev/hackhub/auth/steam/challenge failed after 39ms: ERR_BAD_REQUEST Request failed with status code 429
==============================================

==============================================
[01/09/2026, 17:43:35] [WARN]
----------------------------------------------
[Network] POST https://gateway.hotbunny.dev/hackhub/auth/steam/challenge failed after 41ms: ERR_BAD_REQUEST Request failed with status code 429
==============================================

==============================================
[01/09/2026, 17:43:35] [WARN]
----------------------------------------------
[Network] GET https://gateway.hotbunny.dev/hackhub/player-notifications?limit=50 failed after 40ms: ERR_BAD_REQUEST Request failed with status code 401
==============================================

==============================================
[01/09/2026, 17:43:35] [WARN]
----------------------------------------------
[Network] GET https://gateway.hotbunny.dev/hackhub/player-notifications?limit=50 failed after 46ms: ERR_BAD_REQUEST Request failed with status code 401
==============================================

==============================================
[01/09/2026, 17:43:41] [WARN]
----------------------------------------------
[RENDERER] Deprecation warning: value provided is not in a recognized RFC2822 or ISO format. moment construction falls back to js Date(), which is not reliable across all browsers and versions. Non RFC2822/ISO date formats are discouraged. Please refer to http://momentjs.com/guides/#/warnings/js-date/ for more info.
Arguments: 
[0] _isAMomentObject: true, _isUTC: false, _useUTC: false, _l: undefined, _i: Tue Sep 01 2026 17:43:30 GMT+0200 (Central European Summer Time), _f: undefined, _strict: undefined, _locale: [object Object]
Error
    at O.createFromInputFallback (file:///S:/SteamLibrary/steamapps/common/Hackhub/resources/app.asar/dist/assets/utils.js:9:3)
    at zm (file:///S:/SteamLibrary/steamapps/common/Hackhub/resources/app.asar/dist/assets/utils.js:9:25839)
    at Xm (file:///S:/SteamLibrary/steamapps/common/Hackhub/resources/app.asar/dist/assets/utils.js:9:29577)
    at qo (file:///S:/SteamLibrary/steamapps/common/Hackhub/resources/app.asar/dist/assets/utils.js:9:29441)
    at Jm (file:///S:/SteamLibrary/steamapps/common/Hackhub/resources/app.asar/dist/assets/utils.js:9:29155)
    at Ko (file:///S:/SteamLibrary/steamapps/common/Hackhub/resources/app.asar/dist/assets/utils.js:9:29944)
    at ne (file:///S:/SteamLibrary/steamapps/common/Hackhub/resources/app.asar/dist/assets/utils.js:9:29978)
    at O (file:///S:/SteamLibrary/steamapps/common/Hackhub/resources/app.asar/dist/assets/utils.js:6:31)
    at FSe (file:///S:/SteamLibrary/steamapps/common/Hackhub/resources/app.asar/dist/assets/index.js:166770:102594)
    at mo (file:///S:/SteamLibrary/steamapps/common/Hackhub/resources/app.asar/dist/assets/vendor.js:30:16959)
    at Wa (file:///S:/SteamLibrary/steamapps/common/Hackhub/resources/app.asar/dist/assets/vendor.js:32:43694)
    at Va (file:///S:/SteamLibrary/steamapps/common/Hackhub/resources/app.asar/dist/assets/vendor.js:32:39499)
    at ud (file:///S:/SteamLibrary/steamapps/common/Hackhub/resources/app.asar/dist/assets/vendor.js:32:39430)
    at Zr (file:///S:/SteamLibrary/steamapps/common/Hackhub/resources/app.asar/dist/assets/vendor.js:32:39289)
    at Ua (file:///S:/SteamLibrary/steamapps/common/Hackhub/resources/app.asar/dist/assets/vendor.js:32:34440)
    at E (file:///S:/SteamLibrary/steamapps/common/Hackhub/resources/app.asar/dist/assets/vendor.js:17:1562)
    at MessagePort.un (file:///S:/SteamLibrary/steamapps/common/Hackhub/resources/app.asar/dist/assets/vendor.js:17:1930)
==============================================

==============================================
[01/09/2026, 17:43:51] [ERROR]
----------------------------------------------
[RENDERER] TypeError: Cannot read properties of undefined (reading 'toLowerCase')
TypeError: Cannot read properties of undefined (reading 'toLowerCase')
    at file:///S:/SteamLibrary/steamapps/common/Hackhub/resources/app.asar/dist/assets/index.js:166770:130685
    at Array.filter (<anonymous>)
    at file:///S:/SteamLibrary/steamapps/common/Hackhub/resources/app.asar/dist/assets/index.js:166770:130631
    at Object.useMemo (file:///S:/SteamLibrary/steamapps/common/Hackhub/resources/app.asar/dist/assets/vendor.js:30:23228)
    at T.useMemo (file:///S:/SteamLibrary/steamapps/common/Hackhub/resources/app.asar/dist/assets/vendor.js:9:6193)
    at ahl (file:///S:/SteamLibrary/steamapps/common/Hackhub/resources/app.asar/dist/assets/index.js:166770:130615)
    at mo (file:///S:/SteamLibrary/steamapps/common/Hackhub/resources/app.asar/dist/assets/vendor.js:30:16959)
    at Wa (file:///S:/SteamLibrary/steamapps/common/Hackhub/resources/app.asar/dist/assets/vendor.js:32:43694)
    at Va (file:///S:/SteamLibrary/steamapps/common/Hackhub/resources/app.asar/dist/assets/vendor.js:32:39499)
    at ud (file:///S:/SteamLibrary/steamapps/common/Hackhub/resources/app.asar/dist/assets/vendor.js:32:39430)
    at Zr (file:///S:/SteamLibrary/steamapps/common/Hackhub/resources/app.asar/dist/assets/vendor.js:32:39289)
    at Ou (file:///S:/SteamLibrary/steamapps/common/Hackhub/resources/app.asar/dist/assets/vendor.js:32:35710)
    at Ua (file:///S:/SteamLibrary/steamapps/common/Hackhub/resources/app.asar/dist/assets/vendor.js:32:34666)
    at E (file:///S:/SteamLibrary/steamapps/common/Hackhub/resources/app.asar/dist/assets/vendor.js:17:1562)
    at MessagePort.un (file:///S:/SteamLibrary/steamapps/common/Hackhub/resources/app.asar/dist/assets/vendor.js:17:1930)
==============================================

==============================================
  APPLICATION CLOSING
  Time: 01/09/2026, 17:45:59
==============================================

==============================================
  HACKHUB LOG FILE
  Started: 01/09/2026, 17:46:09
  Version: 1.1.2
  Platform: win32
  Arch: x64
==============================================


==============================================
[01/09/2026, 17:46:09] [INFO]
----------------------------------------------
Steamworks initalized: Zeis [ZF] - 76561197976480835
==============================================

==============================================
[01/09/2026, 17:46:09] [INFO]
----------------------------------------------
[WorkshopController] initialized with appId: 2980270
==============================================

==============================================
[01/09/2026, 17:46:10] [INFO]
----------------------------------------------
[RENDERER] [Markdown Note Editor] Mod loaded.
==============================================

==============================================
[01/09/2026, 17:46:10] [INFO]
----------------------------------------------
[RENDERER] [nemesis-protocol-stage1] Nemesis Protocol loaded. The mission is waiting in the HackHub feed.
==============================================

==============================================
[01/09/2026, 17:46:10] [INFO]
----------------------------------------------
[RENDERER] Custom Browser mod loaded with ordered categories!
==============================================

==============================================
[01/09/2026, 17:46:10] [INFO]
----------------------------------------------
[RENDERER] RetroArcade v1.0.0 loaded!
==============================================

==============================================
[01/09/2026, 17:46:10] [INFO]
----------------------------------------------
[RENDERER] [darknet-tree] Darknet-Tree loaded! Check the App Store for NotePad.
==============================================

==============================================
[01/09/2026, 17:46:10] [INFO]
----------------------------------------------
[RENDERER] [synthetik-wallet] Synthetik Wallet loaded! Find it in the App Store.
==============================================

==============================================
[01/09/2026, 17:46:10] [INFO]
----------------------------------------------
[RENDERER] [GhostLink] v1.0.2 loaded
==============================================

==============================================
[01/09/2026, 17:46:10] [INFO]
----------------------------------------------
[RENDERER] [python-is-python3] Mod loaded! Run: apt-get install python-is-python3
==============================================

==============================================
[01/09/2026, 17:46:10] [INFO]
----------------------------------------------
[RENDERER] Lockchain Wallet mod loaded: websites, phone wallet, marketplace, miner, and isolated RPC registered.
==============================================

==============================================
[01/09/2026, 17:46:10] [INFO]
----------------------------------------------
[RENDERER] [Fishception] biological daemon loaded
==============================================

==============================================
[01/09/2026, 17:46:10] [INFO]
----------------------------------------------
[RENDERER] [Beginner Handbook+] Registered 109 handbook pages without title prefixes. Language: en.
==============================================

==============================================
[01/09/2026, 17:46:10] [INFO]
----------------------------------------------
[RENDERER] [vault-manager] Vault Manager loaded — password vault & sticky notes ready.
==============================================

==============================================
[01/09/2026, 17:46:10] [ERROR]
----------------------------------------------
(node:35752) [DEP0169] DeprecationWarning: `url.parse()` behavior is not standardized and prone to errors that have security implications. Use the WHATWG URL API instead. CVEs are not issued for `url.parse()` vulnerabilities.
(Use `Hackhub --trace-deprecation ...` to show where the warning was created)
==============================================

==============================================
[01/09/2026, 17:46:10] [WARN]
----------------------------------------------
[Network] POST https://gateway.hotbunny.dev/hackhub/auth/steam/challenge failed after 89ms: ERR_BAD_REQUEST Request failed with status code 429
==============================================

==============================================
[01/09/2026, 17:46:11] [WARN]
----------------------------------------------
[Network] POST https://gateway.hotbunny.dev/hackhub/auth/steam/challenge failed after 39ms: ERR_BAD_REQUEST Request failed with status code 429
==============================================

==============================================
[01/09/2026, 17:46:11] [WARN]
----------------------------------------------
[Network] POST https://gateway.hotbunny.dev/hackhub/auth/steam/challenge failed after 47ms: ERR_BAD_REQUEST Request failed with status code 429
==============================================

==============================================
[01/09/2026, 17:46:11] [WARN]
----------------------------------------------
[Network] POST https://gateway.hotbunny.dev/hackhub/auth/steam/challenge failed after 51ms: ERR_BAD_REQUEST Request failed with status code 429
==============================================

==============================================
[01/09/2026, 17:46:12] [WARN]
----------------------------------------------
[Network] POST https://gateway.hotbunny.dev/hackhub/auth/steam/challenge failed after 46ms: ERR_BAD_REQUEST Request failed with status code 429
==============================================

==============================================
[01/09/2026, 17:46:12] [WARN]
----------------------------------------------
[Network] POST https://gateway.hotbunny.dev/hackhub/auth/steam/challenge failed after 44ms: ERR_BAD_REQUEST Request failed with status code 429
==============================================

==============================================
[01/09/2026, 17:46:12] [WARN]
----------------------------------------------
[Network] GET https://gateway.hotbunny.dev/hackhub/announcements?limit=10 failed after 43ms: ERR_BAD_REQUEST Request failed with status code 401
==============================================

==============================================
[01/09/2026, 17:46:12] [WARN]
----------------------------------------------
[Network] GET https://gateway.hotbunny.dev/hackhub/stats failed after 46ms: ERR_BAD_REQUEST Request failed with status code 401
==============================================

==============================================
[01/09/2026, 17:46:12] [WARN]
----------------------------------------------
[Network] GET https://gateway.hotbunny.dev/hackhub/pages failed after 80ms: ERR_BAD_REQUEST Request failed with status code 401
==============================================

==============================================
[01/09/2026, 17:46:12] [WARN]
----------------------------------------------
[Network] GET https://gateway.hotbunny.dev/hackhub/actions failed after 83ms: ERR_BAD_REQUEST Request failed with status code 401
==============================================

==============================================
[01/09/2026, 17:46:12] [WARN]
----------------------------------------------
[Network] GET https://gateway.hotbunny.dev/hackhub/dlc-store/config failed after 86ms: ERR_BAD_REQUEST Request failed with status code 401
==============================================

==============================================
[01/09/2026, 17:46:12] [WARN]
----------------------------------------------
[Network] GET https://gateway.hotbunny.dev/hackhub/featured-mods failed after 92ms: ERR_BAD_REQUEST Request failed with status code 401
==============================================

==============================================
[01/09/2026, 17:46:12] [WARN]
----------------------------------------------
[Network] GET https://gateway.hotbunny.dev/hackhub/polls failed after 106ms: ERR_BAD_REQUEST Request failed with status code 401
==============================================

==============================================
[01/09/2026, 17:46:14] [WARN]
----------------------------------------------
[Network] POST https://gateway.hotbunny.dev/hackhub/auth/steam failed after 44ms: ERR_BAD_REQUEST Request failed with status code 429
==============================================

==============================================
[01/09/2026, 17:46:14] [WARN]
----------------------------------------------
[RENDERER] [PruneOrphanQuests] Dropping "TwotterQATest3" (y7dnAzqp8e): no installed content defines it.
==============================================

==============================================
[01/09/2026, 17:46:16] [WARN]
----------------------------------------------
[Network] POST https://gateway.hotbunny.dev/hackhub/auth/steam failed after 42ms: ERR_BAD_REQUEST Request failed with status code 429
==============================================

==============================================
[01/09/2026, 17:46:17] [WARN]
----------------------------------------------
[Network] POST https://gateway.hotbunny.dev/hackhub/auth/steam failed after 44ms: ERR_BAD_REQUEST Request failed with status code 429
==============================================

==============================================
[01/09/2026, 17:46:17] [WARN]
----------------------------------------------
[Network] GET https://gateway.hotbunny.dev/hackhub/player-notifications?limit=50 failed after 42ms: ERR_BAD_REQUEST Request failed with status code 401
==============================================

==============================================
[01/09/2026, 17:46:17] [WARN]
----------------------------------------------
[Network] GET https://gateway.hotbunny.dev/hackhub/player-notifications?limit=50 failed after 53ms: ERR_BAD_REQUEST Request failed with status code 401
==============================================

==============================================
[01/09/2026, 17:46:21] [WARN]
----------------------------------------------
[RENDERER] Deprecation warning: value provided is not in a recognized RFC2822 or ISO format. moment construction falls back to js Date(), which is not reliable across all browsers and versions. Non RFC2822/ISO date formats are discouraged. Please refer to http://momentjs.com/guides/#/warnings/js-date/ for more info.
Arguments: 
[0] _isAMomentObject: true, _isUTC: false, _useUTC: false, _l: undefined, _i: Tue Sep 01 2026 17:43:30 GMT+0200 (Central European Summer Time), _f: undefined, _strict: undefined, _locale: [object Object]
Error
    at O.createFromInputFallback (file:///S:/SteamLibrary/steamapps/common/Hackhub/resources/app.asar/dist/assets/utils.js:9:3)
    at zm (file:///S:/SteamLibrary/steamapps/common/Hackhub/resources/app.asar/dist/assets/utils.js:9:25839)
    at Xm (file:///S:/SteamLibrary/steamapps/common/Hackhub/resources/app.asar/dist/assets/utils.js:9:29577)
    at qo (file:///S:/SteamLibrary/steamapps/common/Hackhub/resources/app.asar/dist/assets/utils.js:9:29441)
    at Jm (file:///S:/SteamLibrary/steamapps/common/Hackhub/resources/app.asar/dist/assets/utils.js:9:29155)
    at Ko (file:///S:/SteamLibrary/steamapps/common/Hackhub/resources/app.asar/dist/assets/utils.js:9:29944)
    at ne (file:///S:/SteamLibrary/steamapps/common/Hackhub/resources/app.asar/dist/assets/utils.js:9:29978)
    at O (file:///S:/SteamLibrary/steamapps/common/Hackhub/resources/app.asar/dist/assets/utils.js:6:31)
    at FSe (file:///S:/SteamLibrary/steamapps/common/Hackhub/resources/app.asar/dist/assets/index.js:166770:102594)
    at mo (file:///S:/SteamLibrary/steamapps/common/Hackhub/resources/app.asar/dist/assets/vendor.js:30:16959)
    at Wa (file:///S:/SteamLibrary/steamapps/common/Hackhub/resources/app.asar/dist/assets/vendor.js:32:43694)
    at Va (file:///S:/SteamLibrary/steamapps/common/Hackhub/resources/app.asar/dist/assets/vendor.js:32:39499)
    at ud (file:///S:/SteamLibrary/steamapps/common/Hackhub/resources/app.asar/dist/assets/vendor.js:32:39430)
    at Zr (file:///S:/SteamLibrary/steamapps/common/Hackhub/resources/app.asar/dist/assets/vendor.js:32:39289)
    at Ua (file:///S:/SteamLibrary/steamapps/common/Hackhub/resources/app.asar/dist/assets/vendor.js:32:34440)
    at E (file:///S:/SteamLibrary/steamapps/common/Hackhub/resources/app.asar/dist/assets/vendor.js:17:1562)
    at MessagePort.un (file:///S:/SteamLibrary/steamapps/common/Hackhub/resources/app.asar/dist/assets/vendor.js:17:1930)
==============================================

==============================================
  APPLICATION CLOSING
  Time: 01/09/2026, 17:46:23
==============================================

==============================================
  HACKHUB LOG FILE
  Started: 01/09/2026, 18:53:59
  Version: 1.1.2
  Platform: win32
  Arch: x64
==============================================


==============================================
[01/09/2026, 18:53:59] [INFO]
----------------------------------------------
Steamworks initalized: Zeis [ZF] - 76561197976480835
==============================================

==============================================
[01/09/2026, 18:53:59] [INFO]
----------------------------------------------
[WorkshopController] initialized with appId: 2980270
==============================================

==============================================
[01/09/2026, 18:54:01] [INFO]
----------------------------------------------
[RENDERER] [Markdown Note Editor] Mod loaded.
==============================================

==============================================
[01/09/2026, 18:54:01] [INFO]
----------------------------------------------
[RENDERER] [nemesis-protocol-stage1] Nemesis Protocol loaded. The mission is waiting in the HackHub feed.
==============================================

==============================================
[01/09/2026, 18:54:01] [INFO]
----------------------------------------------
[RENDERER] Custom Browser mod loaded with ordered categories!
==============================================

==============================================
[01/09/2026, 18:54:01] [INFO]
----------------------------------------------
[RENDERER] RetroArcade v1.0.0 loaded!
==============================================

==============================================
[01/09/2026, 18:54:01] [INFO]
----------------------------------------------
[RENDERER] [darknet-tree] Darknet-Tree loaded! Check the App Store for NotePad.
==============================================

==============================================
[01/09/2026, 18:54:01] [INFO]
----------------------------------------------
[RENDERER] [synthetik-wallet] Synthetik Wallet loaded! Find it in the App Store.
==============================================

==============================================
[01/09/2026, 18:54:01] [INFO]
----------------------------------------------
[RENDERER] [GhostLink] v1.0.2 loaded
==============================================

==============================================
[01/09/2026, 18:54:01] [INFO]
----------------------------------------------
[RENDERER] [python-is-python3] Mod loaded! Run: apt-get install python-is-python3
==============================================

==============================================
[01/09/2026, 18:54:01] [INFO]
----------------------------------------------
[RENDERER] Lockchain Wallet mod loaded: websites, phone wallet, marketplace, miner, and isolated RPC registered.
==============================================

==============================================
[01/09/2026, 18:54:01] [INFO]
----------------------------------------------
[RENDERER] [Fishception] biological daemon loaded
==============================================

==============================================
[01/09/2026, 18:54:01] [INFO]
----------------------------------------------
[RENDERER] [Beginner Handbook+] Registered 109 handbook pages without title prefixes. Language: en.
==============================================

==============================================
[01/09/2026, 18:54:01] [INFO]
----------------------------------------------
[RENDERER] [vault-manager] Vault Manager loaded — password vault & sticky notes ready.
==============================================

==============================================
[01/09/2026, 18:54:01] [ERROR]
----------------------------------------------
(node:27288) [DEP0169] DeprecationWarning: `url.parse()` behavior is not standardized and prone to errors that have security implications. Use the WHATWG URL API instead. CVEs are not issued for `url.parse()` vulnerabilities.
(Use `Hackhub --trace-deprecation ...` to show where the warning was created)
==============================================

==============================================
[01/09/2026, 18:54:02] [WARN]
----------------------------------------------
[Network] POST https://gateway.hotbunny.dev/hackhub/auth/steam/challenge failed after 136ms: ERR_BAD_REQUEST Request failed with status code 429
==============================================

==============================================
[01/09/2026, 18:54:02] [WARN]
----------------------------------------------
[Network] POST https://gateway.hotbunny.dev/hackhub/auth/steam/challenge failed after 43ms: ERR_BAD_REQUEST Request failed with status code 429
==============================================

==============================================
[01/09/2026, 18:54:03] [WARN]
----------------------------------------------
[Network] POST https://gateway.hotbunny.dev/hackhub/auth/steam/challenge failed after 41ms: ERR_BAD_REQUEST Request failed with status code 429
==============================================

==============================================
[01/09/2026, 18:54:03] [WARN]
----------------------------------------------
[Network] POST https://gateway.hotbunny.dev/hackhub/auth/steam/challenge failed after 40ms: ERR_BAD_REQUEST Request failed with status code 429
==============================================

==============================================
[01/09/2026, 18:54:03] [WARN]
----------------------------------------------
[Network] POST https://gateway.hotbunny.dev/hackhub/auth/steam/challenge failed after 38ms: ERR_BAD_REQUEST Request failed with status code 429
==============================================

==============================================
[01/09/2026, 18:54:04] [WARN]
----------------------------------------------
[Network] POST https://gateway.hotbunny.dev/hackhub/auth/steam/challenge failed after 46ms: ERR_BAD_REQUEST Request failed with status code 429
==============================================

==============================================
[01/09/2026, 18:54:04] [WARN]
----------------------------------------------
[Network] GET https://gateway.hotbunny.dev/hackhub/announcements?limit=10 failed after 41ms: ERR_BAD_REQUEST Request failed with status code 401
==============================================

==============================================
[01/09/2026, 18:54:04] [WARN]
----------------------------------------------
[Network] GET https://gateway.hotbunny.dev/hackhub/stats failed after 45ms: ERR_BAD_REQUEST Request failed with status code 401
==============================================

==============================================
[01/09/2026, 18:54:04] [WARN]
----------------------------------------------
[Network] GET https://gateway.hotbunny.dev/hackhub/dlc-store/config failed after 81ms: ERR_BAD_REQUEST Request failed with status code 401
==============================================

==============================================
[01/09/2026, 18:54:04] [WARN]
----------------------------------------------
[Network] GET https://gateway.hotbunny.dev/hackhub/polls failed after 95ms: ERR_BAD_REQUEST Request failed with status code 401
==============================================

==============================================
[01/09/2026, 18:54:04] [WARN]
----------------------------------------------
[Network] GET https://gateway.hotbunny.dev/hackhub/featured-mods failed after 93ms: ERR_BAD_REQUEST Request failed with status code 401
==============================================

==============================================
[01/09/2026, 18:54:04] [WARN]
----------------------------------------------
[Network] GET https://gateway.hotbunny.dev/hackhub/actions failed after 98ms: ERR_BAD_REQUEST Request failed with status code 401
==============================================

==============================================
[01/09/2026, 18:54:04] [WARN]
----------------------------------------------
[Network] GET https://gateway.hotbunny.dev/hackhub/pages failed after 107ms: ERR_BAD_REQUEST Request failed with status code 401
==============================================

==============================================
[01/09/2026, 18:54:04] [WARN]
----------------------------------------------
[Network] POST https://gateway.hotbunny.dev/hackhub/auth/steam/challenge failed after 49ms: ERR_BAD_REQUEST Request failed with status code 429
==============================================

==============================================
[01/09/2026, 18:54:16] [WARN]
----------------------------------------------
[RENDERER] Deprecation warning: value provided is not in a recognized RFC2822 or ISO format. moment construction falls back to js Date(), which is not reliable across all browsers and versions. Non RFC2822/ISO date formats are discouraged. Please refer to http://momentjs.com/guides/#/warnings/js-date/ for more info.
Arguments: 
[0] _isAMomentObject: true, _isUTC: false, _useUTC: false, _l: undefined, _i: Tue Sep 01 2026 17:43:30 GMT+0200 (Central European Summer Time), _f: undefined, _strict: undefined, _locale: [object Object]
Error
    at O.createFromInputFallback (file:///S:/SteamLibrary/steamapps/common/Hackhub/resources/app.asar/dist/assets/utils.js:9:3)
    at zm (file:///S:/SteamLibrary/steamapps/common/Hackhub/resources/app.asar/dist/assets/utils.js:9:25839)
    at Xm (file:///S:/SteamLibrary/steamapps/common/Hackhub/resources/app.asar/dist/assets/utils.js:9:29577)
    at qo (file:///S:/SteamLibrary/steamapps/common/Hackhub/resources/app.asar/dist/assets/utils.js:9:29441)
    at Jm (file:///S:/SteamLibrary/steamapps/common/Hackhub/resources/app.asar/dist/assets/utils.js:9:29155)
    at Ko (file:///S:/SteamLibrary/steamapps/common/Hackhub/resources/app.asar/dist/assets/utils.js:9:29944)
    at ne (file:///S:/SteamLibrary/steamapps/common/Hackhub/resources/app.asar/dist/assets/utils.js:9:29978)
    at O (file:///S:/SteamLibrary/steamapps/common/Hackhub/resources/app.asar/dist/assets/utils.js:6:31)
    at FSe (file:///S:/SteamLibrary/steamapps/common/Hackhub/resources/app.asar/dist/assets/index.js:166770:102594)
    at mo (file:///S:/SteamLibrary/steamapps/common/Hackhub/resources/app.asar/dist/assets/vendor.js:30:16959)
    at Wa (file:///S:/SteamLibrary/steamapps/common/Hackhub/resources/app.asar/dist/assets/vendor.js:32:43694)
    at Va (file:///S:/SteamLibrary/steamapps/common/Hackhub/resources/app.asar/dist/assets/vendor.js:32:39499)
    at ud (file:///S:/SteamLibrary/steamapps/common/Hackhub/resources/app.asar/dist/assets/vendor.js:32:39430)
    at Zr (file:///S:/SteamLibrary/steamapps/common/Hackhub/resources/app.asar/dist/assets/vendor.js:32:39289)
    at Ua (file:///S:/SteamLibrary/steamapps/common/Hackhub/resources/app.asar/dist/assets/vendor.js:32:34440)
    at E (file:///S:/SteamLibrary/steamapps/common/Hackhub/resources/app.asar/dist/assets/vendor.js:17:1562)
    at MessagePort.un (file:///S:/SteamLibrary/steamapps/common/Hackhub/resources/app.asar/dist/assets/vendor.js:17:1930)
==============================================

==============================================
[01/09/2026, 18:54:31] [ERROR]
----------------------------------------------
[RENDERER] TypeError: Cannot read properties of undefined (reading 'toLowerCase')
TypeError: Cannot read properties of undefined (reading 'toLowerCase')
    at file:///S:/SteamLibrary/steamapps/common/Hackhub/resources/app.asar/dist/assets/index.js:166770:130685
    at Array.filter (<anonymous>)
    at file:///S:/SteamLibrary/steamapps/common/Hackhub/resources/app.asar/dist/assets/index.js:166770:130631
    at Object.useMemo (file:///S:/SteamLibrary/steamapps/common/Hackhub/resources/app.asar/dist/assets/vendor.js:30:23228)
    at T.useMemo (file:///S:/SteamLibrary/steamapps/common/Hackhub/resources/app.asar/dist/assets/vendor.js:9:6193)
    at ahl (file:///S:/SteamLibrary/steamapps/common/Hackhub/resources/app.asar/dist/assets/index.js:166770:130615)
    at mo (file:///S:/SteamLibrary/steamapps/common/Hackhub/resources/app.asar/dist/assets/vendor.js:30:16959)
    at Wa (file:///S:/SteamLibrary/steamapps/common/Hackhub/resources/app.asar/dist/assets/vendor.js:32:43694)
    at Va (file:///S:/SteamLibrary/steamapps/common/Hackhub/resources/app.asar/dist/assets/vendor.js:32:39499)
    at ud (file:///S:/SteamLibrary/steamapps/common/Hackhub/resources/app.asar/dist/assets/vendor.js:32:39430)
    at Zr (file:///S:/SteamLibrary/steamapps/common/Hackhub/resources/app.asar/dist/assets/vendor.js:32:39289)
    at Ou (file:///S:/SteamLibrary/steamapps/common/Hackhub/resources/app.asar/dist/assets/vendor.js:32:35710)
    at Ua (file:///S:/SteamLibrary/steamapps/common/Hackhub/resources/app.asar/dist/assets/vendor.js:32:34666)
    at E (file:///S:/SteamLibrary/steamapps/common/Hackhub/resources/app.asar/dist/assets/vendor.js:17:1562)
    at MessagePort.un (file:///S:/SteamLibrary/steamapps/common/Hackhub/resources/app.asar/dist/assets/vendor.js:17:1930)
==============================================

==============================================
  APPLICATION CLOSING
  Time: 01/09/2026, 19:12:20
==============================================

==============================================
  HACKHUB LOG FILE
  Started: 01/09/2026, 19:12:30
  Version: 1.1.2
  Platform: win32
  Arch: x64
==============================================


==============================================
[01/09/2026, 19:12:30] [INFO]
----------------------------------------------
Steamworks initalized: Zeis [ZF] - 76561197976480835
==============================================

==============================================
[01/09/2026, 19:12:30] [INFO]
----------------------------------------------
[WorkshopController] initialized with appId: 2980270
==============================================

==============================================
[01/09/2026, 19:12:31] [INFO]
----------------------------------------------
[RENDERER] [Markdown Note Editor] Mod loaded.
==============================================

==============================================
[01/09/2026, 19:12:31] [INFO]
----------------------------------------------
[RENDERER] [nemesis-protocol-stage1] Nemesis Protocol loaded. The mission is waiting in the HackHub feed.
==============================================

==============================================
[01/09/2026, 19:12:31] [INFO]
----------------------------------------------
[RENDERER] Custom Browser mod loaded with ordered categories!
==============================================

==============================================
[01/09/2026, 19:12:31] [INFO]
----------------------------------------------
[RENDERER] RetroArcade v1.0.0 loaded!
==============================================

==============================================
[01/09/2026, 19:12:31] [INFO]
----------------------------------------------
[RENDERER] [darknet-tree] Darknet-Tree loaded! Check the App Store for NotePad.
==============================================

==============================================
[01/09/2026, 19:12:31] [INFO]
----------------------------------------------
[RENDERER] [synthetik-wallet] Synthetik Wallet loaded! Find it in the App Store.
==============================================

==============================================
[01/09/2026, 19:12:31] [INFO]
----------------------------------------------
[RENDERER] [GhostLink] v1.0.2 loaded
==============================================

==============================================
[01/09/2026, 19:12:31] [INFO]
----------------------------------------------
[RENDERER] [python-is-python3] Mod loaded! Run: apt-get install python-is-python3
==============================================

==============================================
[01/09/2026, 19:12:31] [INFO]
----------------------------------------------
[RENDERER] Lockchain Wallet mod loaded: websites, phone wallet, marketplace, miner, and isolated RPC registered.
==============================================

==============================================
[01/09/2026, 19:12:31] [INFO]
----------------------------------------------
[RENDERER] [Fishception] biological daemon loaded
==============================================

==============================================
[01/09/2026, 19:12:31] [INFO]
----------------------------------------------
[RENDERER] [Beginner Handbook+] Registered 109 handbook pages without title prefixes. Language: en.
==============================================

==============================================
[01/09/2026, 19:12:31] [INFO]
----------------------------------------------
[RENDERER] [vault-manager] Vault Manager loaded — password vault & sticky notes ready.
==============================================

==============================================
[01/09/2026, 19:12:32] [ERROR]
----------------------------------------------
(node:34564) [DEP0169] DeprecationWarning: `url.parse()` behavior is not standardized and prone to errors that have security implications. Use the WHATWG URL API instead. CVEs are not issued for `url.parse()` vulnerabilities.
(Use `Hackhub --trace-deprecation ...` to show where the warning was created)
==============================================

==============================================
[01/09/2026, 19:12:33] [WARN]
----------------------------------------------
[Network] POST https://gateway.hotbunny.dev/hackhub/auth/steam failed after 41ms: ERR_BAD_REQUEST Request failed with status code 429
==============================================

==============================================
[01/09/2026, 19:12:33] [WARN]
----------------------------------------------
[Network] POST https://gateway.hotbunny.dev/hackhub/auth/steam/challenge failed after 37ms: ERR_BAD_REQUEST Request failed with status code 429
==============================================

==============================================
[01/09/2026, 19:12:34] [WARN]
----------------------------------------------
[Network] POST https://gateway.hotbunny.dev/hackhub/auth/steam/challenge failed after 38ms: ERR_BAD_REQUEST Request failed with status code 429
==============================================

==============================================
[01/09/2026, 19:12:36] [WARN]
----------------------------------------------
[Network] POST https://gateway.hotbunny.dev/hackhub/auth/steam failed after 42ms: ERR_BAD_REQUEST Request failed with status code 429
==============================================

==============================================
[01/09/2026, 19:12:36] [WARN]
----------------------------------------------
[Network] POST https://gateway.hotbunny.dev/hackhub/auth/steam/challenge failed after 45ms: ERR_BAD_REQUEST Request failed with status code 429
==============================================

==============================================
[01/09/2026, 19:12:37] [WARN]
----------------------------------------------
[Network] POST https://gateway.hotbunny.dev/hackhub/auth/steam/challenge failed after 42ms: ERR_BAD_REQUEST Request failed with status code 429
==============================================

==============================================
[01/09/2026, 19:12:37] [WARN]
----------------------------------------------
[Network] GET https://gateway.hotbunny.dev/hackhub/announcements?limit=10 failed after 42ms: ERR_BAD_REQUEST Request failed with status code 401
==============================================

==============================================
[01/09/2026, 19:12:37] [WARN]
----------------------------------------------
[Network] GET https://gateway.hotbunny.dev/hackhub/stats failed after 42ms: ERR_BAD_REQUEST Request failed with status code 401
==============================================

==============================================
[01/09/2026, 19:12:37] [WARN]
----------------------------------------------
[Network] GET https://gateway.hotbunny.dev/hackhub/dlc-store/config failed after 81ms: ERR_BAD_REQUEST Request failed with status code 401
==============================================

==============================================
[01/09/2026, 19:12:37] [WARN]
----------------------------------------------
[Network] GET https://gateway.hotbunny.dev/hackhub/polls failed after 83ms: ERR_BAD_REQUEST Request failed with status code 401
==============================================

==============================================
[01/09/2026, 19:12:37] [WARN]
----------------------------------------------
[Network] GET https://gateway.hotbunny.dev/hackhub/pages failed after 87ms: ERR_BAD_REQUEST Request failed with status code 401
==============================================

==============================================
[01/09/2026, 19:12:37] [WARN]
----------------------------------------------
[Network] GET https://gateway.hotbunny.dev/hackhub/actions failed after 86ms: ERR_BAD_REQUEST Request failed with status code 401
==============================================

==============================================
[01/09/2026, 19:12:37] [WARN]
----------------------------------------------
[Network] GET https://gateway.hotbunny.dev/hackhub/featured-mods failed after 109ms: ERR_BAD_REQUEST Request failed with status code 401
==============================================

==============================================
[01/09/2026, 19:12:37] [WARN]
----------------------------------------------
[Network] POST https://gateway.hotbunny.dev/hackhub/auth/steam/challenge failed after 42ms: ERR_BAD_REQUEST Request failed with status code 429
==============================================

==============================================
[01/09/2026, 19:12:37] [WARN]
----------------------------------------------
[Network] POST https://gateway.hotbunny.dev/hackhub/auth/steam/challenge failed after 44ms: ERR_BAD_REQUEST Request failed with status code 429
==============================================

==============================================
[01/09/2026, 19:12:38] [WARN]
----------------------------------------------
[Network] POST https://gateway.hotbunny.dev/hackhub/auth/steam/challenge failed after 39ms: ERR_BAD_REQUEST Request failed with status code 429
==============================================

==============================================
[01/09/2026, 19:12:38] [WARN]
----------------------------------------------
[Network] GET https://gateway.hotbunny.dev/hackhub/player-notifications?limit=50 failed after 37ms: ERR_BAD_REQUEST Request failed with status code 401
==============================================

==============================================
[01/09/2026, 19:12:38] [WARN]
----------------------------------------------
[Network] GET https://gateway.hotbunny.dev/hackhub/player-notifications?limit=50 failed after 42ms: ERR_BAD_REQUEST Request failed with status code 401
==============================================

==============================================
[01/09/2026, 19:12:42] [WARN]
----------------------------------------------
[Network] POST https://gateway.hotbunny.dev/hackhub/auth/steam/challenge failed after 74ms: ERR_BAD_REQUEST Request failed with status code 429
==============================================

==============================================
[01/09/2026, 19:12:43] [WARN]
----------------------------------------------
[RENDERER] [PruneOrphanQuests] Dropping "TwotterQATest4" (c6xq8ickgJ): no installed content defines it.
==============================================

==============================================
[01/09/2026, 19:13:10] [WARN]
----------------------------------------------
[RENDERER] Deprecation warning: value provided is not in a recognized RFC2822 or ISO format. moment construction falls back to js Date(), which is not reliable across all browsers and versions. Non RFC2822/ISO date formats are discouraged. Please refer to http://momentjs.com/guides/#/warnings/js-date/ for more info.
Arguments: 
[0] _isAMomentObject: true, _isUTC: false, _useUTC: false, _l: undefined, _i: Tue Sep 01 2026 17:43:30 GMT+0200 (Central European Summer Time), _f: undefined, _strict: undefined, _locale: [object Object]
Error
    at O.createFromInputFallback (file:///S:/SteamLibrary/steamapps/common/Hackhub/resources/app.asar/dist/assets/utils.js:9:3)
    at zm (file:///S:/SteamLibrary/steamapps/common/Hackhub/resources/app.asar/dist/assets/utils.js:9:25839)
    at Xm (file:///S:/SteamLibrary/steamapps/common/Hackhub/resources/app.asar/dist/assets/utils.js:9:29577)
    at qo (file:///S:/SteamLibrary/steamapps/common/Hackhub/resources/app.asar/dist/assets/utils.js:9:29441)
    at Jm (file:///S:/SteamLibrary/steamapps/common/Hackhub/resources/app.asar/dist/assets/utils.js:9:29155)
    at Ko (file:///S:/SteamLibrary/steamapps/common/Hackhub/resources/app.asar/dist/assets/utils.js:9:29944)
    at ne (file:///S:/SteamLibrary/steamapps/common/Hackhub/resources/app.asar/dist/assets/utils.js:9:29978)
    at O (file:///S:/SteamLibrary/steamapps/common/Hackhub/resources/app.asar/dist/assets/utils.js:6:31)
    at FSe (file:///S:/SteamLibrary/steamapps/common/Hackhub/resources/app.asar/dist/assets/index.js:166770:102594)
    at mo (file:///S:/SteamLibrary/steamapps/common/Hackhub/resources/app.asar/dist/assets/vendor.js:30:16959)
    at Wa (file:///S:/SteamLibrary/steamapps/common/Hackhub/resources/app.asar/dist/assets/vendor.js:32:43694)
    at Va (file:///S:/SteamLibrary/steamapps/common/Hackhub/resources/app.asar/dist/assets/vendor.js:32:39499)
    at ud (file:///S:/SteamLibrary/steamapps/common/Hackhub/resources/app.asar/dist/assets/vendor.js:32:39430)
    at Zr (file:///S:/SteamLibrary/steamapps/common/Hackhub/resources/app.asar/dist/assets/vendor.js:32:39289)
    at Ua (file:///S:/SteamLibrary/steamapps/common/Hackhub/resources/app.asar/dist/assets/vendor.js:32:34440)
    at E (file:///S:/SteamLibrary/steamapps/common/Hackhub/resources/app.asar/dist/assets/vendor.js:17:1562)
    at MessagePort.un (file:///S:/SteamLibrary/steamapps/common/Hackhub/resources/app.asar/dist/assets/vendor.js:17:1930)
==============================================

==============================================
[01/09/2026, 19:13:14] [ERROR]
----------------------------------------------
[RENDERER] TypeError: Cannot read properties of undefined (reading 'toLowerCase')
TypeError: Cannot read properties of undefined (reading 'toLowerCase')
    at file:///S:/SteamLibrary/steamapps/common/Hackhub/resources/app.asar/dist/assets/index.js:166770:130685
    at Array.filter (<anonymous>)
    at file:///S:/SteamLibrary/steamapps/common/Hackhub/resources/app.asar/dist/assets/index.js:166770:130631
    at Object.useMemo (file:///S:/SteamLibrary/steamapps/common/Hackhub/resources/app.asar/dist/assets/vendor.js:30:23228)
    at T.useMemo (file:///S:/SteamLibrary/steamapps/common/Hackhub/resources/app.asar/dist/assets/vendor.js:9:6193)
    at ahl (file:///S:/SteamLibrary/steamapps/common/Hackhub/resources/app.asar/dist/assets/index.js:166770:130615)
    at mo (file:///S:/SteamLibrary/steamapps/common/Hackhub/resources/app.asar/dist/assets/vendor.js:30:16959)
    at Wa (file:///S:/SteamLibrary/steamapps/common/Hackhub/resources/app.asar/dist/assets/vendor.js:32:43694)
    at Va (file:///S:/SteamLibrary/steamapps/common/Hackhub/resources/app.asar/dist/assets/vendor.js:32:39499)
    at ud (file:///S:/SteamLibrary/steamapps/common/Hackhub/resources/app.asar/dist/assets/vendor.js:32:39430)
    at Zr (file:///S:/SteamLibrary/steamapps/common/Hackhub/resources/app.asar/dist/assets/vendor.js:32:39289)
    at Ou (file:///S:/SteamLibrary/steamapps/common/Hackhub/resources/app.asar/dist/assets/vendor.js:32:35710)
    at Ua (file:///S:/SteamLibrary/steamapps/common/Hackhub/resources/app.asar/dist/assets/vendor.js:32:34666)
    at E (file:///S:/SteamLibrary/steamapps/common/Hackhub/resources/app.asar/dist/assets/vendor.js:17:1562)
    at MessagePort.un (file:///S:/SteamLibrary/steamapps/common/Hackhub/resources/app.asar/dist/assets/vendor.js:17:1930)
==============================================

==============================================
  APPLICATION CLOSING
  Time: 01/09/2026, 19:16:08
==============================================

==============================================
  HACKHUB LOG FILE
  Started: 01/09/2026, 19:16:46
  Version: 1.1.2
  Platform: win32
  Arch: x64
==============================================


==============================================
[01/09/2026, 19:16:46] [INFO]
----------------------------------------------
Steamworks initalized: Zeis [ZF] - 76561197976480835
==============================================

==============================================
[01/09/2026, 19:16:46] [INFO]
----------------------------------------------
[WorkshopController] initialized with appId: 2980270
==============================================

==============================================
[01/09/2026, 19:16:47] [INFO]
----------------------------------------------
[RENDERER] [Markdown Note Editor] Mod loaded.
==============================================

==============================================
[01/09/2026, 19:16:47] [INFO]
----------------------------------------------
[RENDERER] [nemesis-protocol-stage1] Nemesis Protocol loaded. The mission is waiting in the HackHub feed.
==============================================

==============================================
[01/09/2026, 19:16:47] [INFO]
----------------------------------------------
[RENDERER] Custom Browser mod loaded with ordered categories!
==============================================

==============================================
[01/09/2026, 19:16:47] [INFO]
----------------------------------------------
[RENDERER] RetroArcade v1.0.0 loaded!
==============================================

==============================================
[01/09/2026, 19:16:47] [INFO]
----------------------------------------------
[RENDERER] [darknet-tree] Darknet-Tree loaded! Check the App Store for NotePad.
==============================================

==============================================
[01/09/2026, 19:16:47] [INFO]
----------------------------------------------
[RENDERER] [synthetik-wallet] Synthetik Wallet loaded! Find it in the App Store.
==============================================

==============================================
[01/09/2026, 19:16:47] [INFO]
----------------------------------------------
[RENDERER] [GhostLink] v1.0.2 loaded
==============================================

==============================================
[01/09/2026, 19:16:47] [INFO]
----------------------------------------------
[RENDERER] [python-is-python3] Mod loaded! Run: apt-get install python-is-python3
==============================================

==============================================
[01/09/2026, 19:16:47] [INFO]
----------------------------------------------
[RENDERER] Lockchain Wallet mod loaded: websites, phone wallet, marketplace, miner, and isolated RPC registered.
==============================================

==============================================
[01/09/2026, 19:16:47] [INFO]
----------------------------------------------
[RENDERER] [Fishception] biological daemon loaded
==============================================

==============================================
[01/09/2026, 19:16:47] [INFO]
----------------------------------------------
[RENDERER] [Beginner Handbook+] Registered 109 handbook pages without title prefixes. Language: en.
==============================================

==============================================
[01/09/2026, 19:16:47] [INFO]
----------------------------------------------
[RENDERER] [vault-manager] Vault Manager loaded — password vault & sticky notes ready.
==============================================

==============================================
[01/09/2026, 19:16:47] [ERROR]
----------------------------------------------
(node:30728) [DEP0169] DeprecationWarning: `url.parse()` behavior is not standardized and prone to errors that have security implications. Use the WHATWG URL API instead. CVEs are not issued for `url.parse()` vulnerabilities.
(Use `Hackhub --trace-deprecation ...` to show where the warning was created)
==============================================

==============================================
[01/09/2026, 19:16:47] [WARN]
----------------------------------------------
[Network] POST https://gateway.hotbunny.dev/hackhub/auth/steam/challenge failed after 108ms: ERR_BAD_REQUEST Request failed with status code 429
==============================================

==============================================
[01/09/2026, 19:16:47] [WARN]
----------------------------------------------
[Network] POST https://gateway.hotbunny.dev/hackhub/auth/steam/challenge failed after 40ms: ERR_BAD_REQUEST Request failed with status code 429
==============================================

==============================================
[01/09/2026, 19:16:48] [WARN]
----------------------------------------------
[Network] POST https://gateway.hotbunny.dev/hackhub/auth/steam/challenge failed after 46ms: ERR_BAD_REQUEST Request failed with status code 429
==============================================

==============================================
[01/09/2026, 19:16:48] [WARN]
----------------------------------------------
[Network] POST https://gateway.hotbunny.dev/hackhub/auth/steam/challenge failed after 41ms: ERR_BAD_REQUEST Request failed with status code 429
==============================================

==============================================
[01/09/2026, 19:17:31] [WARN]
----------------------------------------------
[RENDERER] Deprecation warning: value provided is not in a recognized RFC2822 or ISO format. moment construction falls back to js Date(), which is not reliable across all browsers and versions. Non RFC2822/ISO date formats are discouraged. Please refer to http://momentjs.com/guides/#/warnings/js-date/ for more info.
Arguments: 
[0] _isAMomentObject: true, _isUTC: false, _useUTC: false, _l: undefined, _i: Tue Sep 01 2026 17:43:30 GMT+0200 (Central European Summer Time), _f: undefined, _strict: undefined, _locale: [object Object]
Error
    at O.createFromInputFallback (file:///S:/SteamLibrary/steamapps/common/Hackhub/resources/app.asar/dist/assets/utils.js:9:3)
    at zm (file:///S:/SteamLibrary/steamapps/common/Hackhub/resources/app.asar/dist/assets/utils.js:9:25839)
    at Xm (file:///S:/SteamLibrary/steamapps/common/Hackhub/resources/app.asar/dist/assets/utils.js:9:29577)
    at qo (file:///S:/SteamLibrary/steamapps/common/Hackhub/resources/app.asar/dist/assets/utils.js:9:29441)
    at Jm (file:///S:/SteamLibrary/steamapps/common/Hackhub/resources/app.asar/dist/assets/utils.js:9:29155)
    at Ko (file:///S:/SteamLibrary/steamapps/common/Hackhub/resources/app.asar/dist/assets/utils.js:9:29944)
    at ne (file:///S:/SteamLibrary/steamapps/common/Hackhub/resources/app.asar/dist/assets/utils.js:9:29978)
    at O (file:///S:/SteamLibrary/steamapps/common/Hackhub/resources/app.asar/dist/assets/utils.js:6:31)
    at FSe (file:///S:/SteamLibrary/steamapps/common/Hackhub/resources/app.asar/dist/assets/index.js:166770:102594)
    at mo (file:///S:/SteamLibrary/steamapps/common/Hackhub/resources/app.asar/dist/assets/vendor.js:30:16959)
    at Wa (file:///S:/SteamLibrary/steamapps/common/Hackhub/resources/app.asar/dist/assets/vendor.js:32:43694)
    at Va (file:///S:/SteamLibrary/steamapps/common/Hackhub/resources/app.asar/dist/assets/vendor.js:32:39499)
    at ud (file:///S:/SteamLibrary/steamapps/common/Hackhub/resources/app.asar/dist/assets/vendor.js:32:39430)
    at Zr (file:///S:/SteamLibrary/steamapps/common/Hackhub/resources/app.asar/dist/assets/vendor.js:32:39289)
    at Ua (file:///S:/SteamLibrary/steamapps/common/Hackhub/resources/app.asar/dist/assets/vendor.js:32:34440)
    at E (file:///S:/SteamLibrary/steamapps/common/Hackhub/resources/app.asar/dist/assets/vendor.js:17:1562)
    at MessagePort.un (file:///S:/SteamLibrary/steamapps/common/Hackhub/resources/app.asar/dist/assets/vendor.js:17:1930)
==============================================

==============================================
[01/09/2026, 19:17:35] [ERROR]
----------------------------------------------
[RENDERER] TypeError: Cannot read properties of undefined (reading 'toLowerCase')
TypeError: Cannot read properties of undefined (reading 'toLowerCase')
    at file:///S:/SteamLibrary/steamapps/common/Hackhub/resources/app.asar/dist/assets/index.js:166770:130685
    at Array.filter (<anonymous>)
    at file:///S:/SteamLibrary/steamapps/common/Hackhub/resources/app.asar/dist/assets/index.js:166770:130631
    at Object.useMemo (file:///S:/SteamLibrary/steamapps/common/Hackhub/resources/app.asar/dist/assets/vendor.js:30:23228)
    at T.useMemo (file:///S:/SteamLibrary/steamapps/common/Hackhub/resources/app.asar/dist/assets/vendor.js:9:6193)
    at ahl (file:///S:/SteamLibrary/steamapps/common/Hackhub/resources/app.asar/dist/assets/index.js:166770:130615)
    at mo (file:///S:/SteamLibrary/steamapps/common/Hackhub/resources/app.asar/dist/assets/vendor.js:30:16959)
    at Wa (file:///S:/SteamLibrary/steamapps/common/Hackhub/resources/app.asar/dist/assets/vendor.js:32:43694)
    at Va (file:///S:/SteamLibrary/steamapps/common/Hackhub/resources/app.asar/dist/assets/vendor.js:32:39499)
    at ud (file:///S:/SteamLibrary/steamapps/common/Hackhub/resources/app.asar/dist/assets/vendor.js:32:39430)
    at Zr (file:///S:/SteamLibrary/steamapps/common/Hackhub/resources/app.asar/dist/assets/vendor.js:32:39289)
    at Ou (file:///S:/SteamLibrary/steamapps/common/Hackhub/resources/app.asar/dist/assets/vendor.js:32:35710)
    at Ua (file:///S:/SteamLibrary/steamapps/common/Hackhub/resources/app.asar/dist/assets/vendor.js:32:34666)
    at E (file:///S:/SteamLibrary/steamapps/common/Hackhub/resources/app.asar/dist/assets/vendor.js:17:1562)
    at MessagePort.un (file:///S:/SteamLibrary/steamapps/common/Hackhub/resources/app.asar/dist/assets/vendor.js:17:1930)
==============================================

==============================================
  APPLICATION CLOSING
  Time: 01/09/2026, 19:18:46
==============================================

==============================================
  HACKHUB LOG FILE
  Started: 01/09/2026, 19:19:04
  Version: 1.1.2
  Platform: win32
  Arch: x64
==============================================


==============================================
[01/09/2026, 19:19:04] [INFO]
----------------------------------------------
Steamworks initalized: Zeis [ZF] - 76561197976480835
==============================================

==============================================
[01/09/2026, 19:19:04] [INFO]
----------------------------------------------
[WorkshopController] initialized with appId: 2980270
==============================================

==============================================
[01/09/2026, 19:19:05] [INFO]
----------------------------------------------
[RENDERER] [Markdown Note Editor] Mod loaded.
==============================================

==============================================
[01/09/2026, 19:19:05] [INFO]
----------------------------------------------
[RENDERER] [nemesis-protocol-stage1] Nemesis Protocol loaded. The mission is waiting in the HackHub feed.
==============================================

==============================================
[01/09/2026, 19:19:05] [INFO]
----------------------------------------------
[RENDERER] Custom Browser mod loaded with ordered categories!
==============================================

==============================================
[01/09/2026, 19:19:05] [INFO]
----------------------------------------------
[RENDERER] RetroArcade v1.0.0 loaded!
==============================================

==============================================
[01/09/2026, 19:19:05] [INFO]
----------------------------------------------
[RENDERER] [darknet-tree] Darknet-Tree loaded! Check the App Store for NotePad.
==============================================

==============================================
[01/09/2026, 19:19:05] [INFO]
----------------------------------------------
[RENDERER] [synthetik-wallet] Synthetik Wallet loaded! Find it in the App Store.
==============================================

==============================================
[01/09/2026, 19:19:05] [INFO]
----------------------------------------------
[RENDERER] [GhostLink] v1.0.2 loaded
==============================================

==============================================
[01/09/2026, 19:19:05] [INFO]
----------------------------------------------
[RENDERER] [python-is-python3] Mod loaded! Run: apt-get install python-is-python3
==============================================

==============================================
[01/09/2026, 19:19:05] [INFO]
----------------------------------------------
[RENDERER] Lockchain Wallet mod loaded: websites, phone wallet, marketplace, miner, and isolated RPC registered.
==============================================

==============================================
[01/09/2026, 19:19:05] [INFO]
----------------------------------------------
[RENDERER] [Fishception] biological daemon loaded
==============================================

==============================================
[01/09/2026, 19:19:05] [INFO]
----------------------------------------------
[RENDERER] [Beginner Handbook+] Registered 109 handbook pages without title prefixes. Language: en.
==============================================

==============================================
[01/09/2026, 19:19:05] [INFO]
----------------------------------------------
[RENDERER] [vault-manager] Vault Manager loaded — password vault & sticky notes ready.
==============================================

==============================================
[01/09/2026, 19:19:05] [ERROR]
----------------------------------------------
(node:9928) [DEP0169] DeprecationWarning: `url.parse()` behavior is not standardized and prone to errors that have security implications. Use the WHATWG URL API instead. CVEs are not issued for `url.parse()` vulnerabilities.
(Use `Hackhub --trace-deprecation ...` to show where the warning was created)
==============================================

==============================================
[01/09/2026, 19:19:24] [WARN]
----------------------------------------------
[RENDERER] Deprecation warning: value provided is not in a recognized RFC2822 or ISO format. moment construction falls back to js Date(), which is not reliable across all browsers and versions. Non RFC2822/ISO date formats are discouraged. Please refer to http://momentjs.com/guides/#/warnings/js-date/ for more info.
Arguments: 
[0] _isAMomentObject: true, _isUTC: false, _useUTC: false, _l: undefined, _i: Tue Sep 01 2026 17:43:30 GMT+0200 (Central European Summer Time), _f: undefined, _strict: undefined, _locale: [object Object]
Error
    at O.createFromInputFallback (file:///S:/SteamLibrary/steamapps/common/Hackhub/resources/app.asar/dist/assets/utils.js:9:3)
    at zm (file:///S:/SteamLibrary/steamapps/common/Hackhub/resources/app.asar/dist/assets/utils.js:9:25839)
    at Xm (file:///S:/SteamLibrary/steamapps/common/Hackhub/resources/app.asar/dist/assets/utils.js:9:29577)
    at qo (file:///S:/SteamLibrary/steamapps/common/Hackhub/resources/app.asar/dist/assets/utils.js:9:29441)
    at Jm (file:///S:/SteamLibrary/steamapps/common/Hackhub/resources/app.asar/dist/assets/utils.js:9:29155)
    at Ko (file:///S:/SteamLibrary/steamapps/common/Hackhub/resources/app.asar/dist/assets/utils.js:9:29944)
    at ne (file:///S:/SteamLibrary/steamapps/common/Hackhub/resources/app.asar/dist/assets/utils.js:9:29978)
    at O (file:///S:/SteamLibrary/steamapps/common/Hackhub/resources/app.asar/dist/assets/utils.js:6:31)
    at FSe (file:///S:/SteamLibrary/steamapps/common/Hackhub/resources/app.asar/dist/assets/index.js:166770:102594)
    at mo (file:///S:/SteamLibrary/steamapps/common/Hackhub/resources/app.asar/dist/assets/vendor.js:30:16959)
    at Wa (file:///S:/SteamLibrary/steamapps/common/Hackhub/resources/app.asar/dist/assets/vendor.js:32:43694)
    at Va (file:///S:/SteamLibrary/steamapps/common/Hackhub/resources/app.asar/dist/assets/vendor.js:32:39499)
    at ud (file:///S:/SteamLibrary/steamapps/common/Hackhub/resources/app.asar/dist/assets/vendor.js:32:39430)
    at Zr (file:///S:/SteamLibrary/steamapps/common/Hackhub/resources/app.asar/dist/assets/vendor.js:32:39289)
    at Ua (file:///S:/SteamLibrary/steamapps/common/Hackhub/resources/app.asar/dist/assets/vendor.js:32:34440)
    at E (file:///S:/SteamLibrary/steamapps/common/Hackhub/resources/app.asar/dist/assets/vendor.js:17:1562)
    at MessagePort.un (file:///S:/SteamLibrary/steamapps/common/Hackhub/resources/app.asar/dist/assets/vendor.js:17:1930)
==============================================

==============================================
[01/09/2026, 19:19:28] [ERROR]
----------------------------------------------
[RENDERER] TypeError: Cannot read properties of undefined (reading 'toLowerCase')
TypeError: Cannot read properties of undefined (reading 'toLowerCase')
    at file:///S:/SteamLibrary/steamapps/common/Hackhub/resources/app.asar/dist/assets/index.js:166770:130685
    at Array.filter (<anonymous>)
    at file:///S:/SteamLibrary/steamapps/common/Hackhub/resources/app.asar/dist/assets/index.js:166770:130631
    at Object.useMemo (file:///S:/SteamLibrary/steamapps/common/Hackhub/resources/app.asar/dist/assets/vendor.js:30:23228)
    at T.useMemo (file:///S:/SteamLibrary/steamapps/common/Hackhub/resources/app.asar/dist/assets/vendor.js:9:6193)
    at ahl (file:///S:/SteamLibrary/steamapps/common/Hackhub/resources/app.asar/dist/assets/index.js:166770:130615)
    at mo (file:///S:/SteamLibrary/steamapps/common/Hackhub/resources/app.asar/dist/assets/vendor.js:30:16959)
    at Wa (file:///S:/SteamLibrary/steamapps/common/Hackhub/resources/app.asar/dist/assets/vendor.js:32:43694)
    at Va (file:///S:/SteamLibrary/steamapps/common/Hackhub/resources/app.asar/dist/assets/vendor.js:32:39499)
    at ud (file:///S:/SteamLibrary/steamapps/common/Hackhub/resources/app.asar/dist/assets/vendor.js:32:39430)
    at Zr (file:///S:/SteamLibrary/steamapps/common/Hackhub/resources/app.asar/dist/assets/vendor.js:32:39289)
    at Ou (file:///S:/SteamLibrary/steamapps/common/Hackhub/resources/app.asar/dist/assets/vendor.js:32:35710)
    at Ua (file:///S:/SteamLibrary/steamapps/common/Hackhub/resources/app.asar/dist/assets/vendor.js:32:34666)
    at E (file:///S:/SteamLibrary/steamapps/common/Hackhub/resources/app.asar/dist/assets/vendor.js:17:1562)
    at MessagePort.un (file:///S:/SteamLibrary/steamapps/common/Hackhub/resources/app.asar/dist/assets/vendor.js:17:1930)
==============================================

==============================================
  APPLICATION CLOSING
  Time: 01/09/2026, 19:19:56
==============================================

==============================================
  HACKHUB LOG FILE
  Started: 01/09/2026, 19:20:30
  Version: 1.1.2
  Platform: win32
  Arch: x64
==============================================


==============================================
[01/09/2026, 19:20:30] [INFO]
----------------------------------------------
Steamworks initalized: Zeis [ZF] - 76561197976480835
==============================================

==============================================
[01/09/2026, 19:20:30] [INFO]
----------------------------------------------
[WorkshopController] initialized with appId: 2980270
==============================================

==============================================
[01/09/2026, 19:20:31] [INFO]
----------------------------------------------
[RENDERER] [Markdown Note Editor] Mod loaded.
==============================================

==============================================
[01/09/2026, 19:20:31] [INFO]
----------------------------------------------
[RENDERER] [nemesis-protocol-stage1] Nemesis Protocol loaded. The mission is waiting in the HackHub feed.
==============================================

==============================================
[01/09/2026, 19:20:31] [INFO]
----------------------------------------------
[RENDERER] Custom Browser mod loaded with ordered categories!
==============================================

==============================================
[01/09/2026, 19:20:31] [INFO]
----------------------------------------------
[RENDERER] RetroArcade v1.0.0 loaded!
==============================================

==============================================
[01/09/2026, 19:20:31] [INFO]
----------------------------------------------
[RENDERER] [darknet-tree] Darknet-Tree loaded! Check the App Store for NotePad.
==============================================

==============================================
[01/09/2026, 19:20:31] [INFO]
----------------------------------------------
[RENDERER] [synthetik-wallet] Synthetik Wallet loaded! Find it in the App Store.
==============================================

==============================================
[01/09/2026, 19:20:31] [INFO]
----------------------------------------------
[RENDERER] [GhostLink] v1.0.2 loaded
==============================================

==============================================
[01/09/2026, 19:20:31] [INFO]
----------------------------------------------
[RENDERER] [python-is-python3] Mod loaded! Run: apt-get install python-is-python3
==============================================

==============================================
[01/09/2026, 19:20:31] [INFO]
----------------------------------------------
[RENDERER] Lockchain Wallet mod loaded: websites, phone wallet, marketplace, miner, and isolated RPC registered.
==============================================

==============================================
[01/09/2026, 19:20:31] [INFO]
----------------------------------------------
[RENDERER] [Fishception] biological daemon loaded
==============================================

==============================================
[01/09/2026, 19:20:31] [INFO]
----------------------------------------------
[RENDERER] [Beginner Handbook+] Registered 109 handbook pages without title prefixes. Language: en.
==============================================

==============================================
[01/09/2026, 19:20:31] [INFO]
----------------------------------------------
[RENDERER] [vault-manager] Vault Manager loaded — password vault & sticky notes ready.
==============================================

==============================================
[01/09/2026, 19:20:32] [ERROR]
----------------------------------------------
(node:32400) [DEP0169] DeprecationWarning: `url.parse()` behavior is not standardized and prone to errors that have security implications. Use the WHATWG URL API instead. CVEs are not issued for `url.parse()` vulnerabilities.
(Use `Hackhub --trace-deprecation ...` to show where the warning was created)
==============================================

==============================================
[01/09/2026, 19:20:33] [WARN]
----------------------------------------------
[Network] POST https://gateway.hotbunny.dev/hackhub/auth/steam failed after 47ms: ERR_BAD_REQUEST Request failed with status code 429
==============================================

==============================================
[01/09/2026, 19:20:33] [WARN]
----------------------------------------------
[Network] POST https://gateway.hotbunny.dev/hackhub/auth/steam/challenge failed after 50ms: ERR_BAD_REQUEST Request failed with status code 429
==============================================

==============================================
[01/09/2026, 19:20:34] [WARN]
----------------------------------------------
[Network] POST https://gateway.hotbunny.dev/hackhub/auth/steam/challenge failed after 46ms: ERR_BAD_REQUEST Request failed with status code 429
==============================================

==============================================
[01/09/2026, 19:20:35] [WARN]
----------------------------------------------
[Network] POST https://gateway.hotbunny.dev/hackhub/auth/steam failed after 40ms: ERR_BAD_REQUEST Request failed with status code 429
==============================================

==============================================
[01/09/2026, 19:20:50] [WARN]
----------------------------------------------
[RENDERER] Deprecation warning: value provided is not in a recognized RFC2822 or ISO format. moment construction falls back to js Date(), which is not reliable across all browsers and versions. Non RFC2822/ISO date formats are discouraged. Please refer to http://momentjs.com/guides/#/warnings/js-date/ for more info.
Arguments: 
[0] _isAMomentObject: true, _isUTC: false, _useUTC: false, _l: undefined, _i: Tue Sep 01 2026 17:43:30 GMT+0200 (Central European Summer Time), _f: undefined, _strict: undefined, _locale: [object Object]
Error
    at O.createFromInputFallback (file:///S:/SteamLibrary/steamapps/common/Hackhub/resources/app.asar/dist/assets/utils.js:9:3)
    at zm (file:///S:/SteamLibrary/steamapps/common/Hackhub/resources/app.asar/dist/assets/utils.js:9:25839)
    at Xm (file:///S:/SteamLibrary/steamapps/common/Hackhub/resources/app.asar/dist/assets/utils.js:9:29577)
    at qo (file:///S:/SteamLibrary/steamapps/common/Hackhub/resources/app.asar/dist/assets/utils.js:9:29441)
    at Jm (file:///S:/SteamLibrary/steamapps/common/Hackhub/resources/app.asar/dist/assets/utils.js:9:29155)
    at Ko (file:///S:/SteamLibrary/steamapps/common/Hackhub/resources/app.asar/dist/assets/utils.js:9:29944)
    at ne (file:///S:/SteamLibrary/steamapps/common/Hackhub/resources/app.asar/dist/assets/utils.js:9:29978)
    at O (file:///S:/SteamLibrary/steamapps/common/Hackhub/resources/app.asar/dist/assets/utils.js:6:31)
    at FSe (file:///S:/SteamLibrary/steamapps/common/Hackhub/resources/app.asar/dist/assets/index.js:166770:102594)
    at mo (file:///S:/SteamLibrary/steamapps/common/Hackhub/resources/app.asar/dist/assets/vendor.js:30:16959)
    at Wa (file:///S:/SteamLibrary/steamapps/common/Hackhub/resources/app.asar/dist/assets/vendor.js:32:43694)
    at Va (file:///S:/SteamLibrary/steamapps/common/Hackhub/resources/app.asar/dist/assets/vendor.js:32:39499)
    at ud (file:///S:/SteamLibrary/steamapps/common/Hackhub/resources/app.asar/dist/assets/vendor.js:32:39430)
    at Zr (file:///S:/SteamLibrary/steamapps/common/Hackhub/resources/app.asar/dist/assets/vendor.js:32:39289)
    at Ua (file:///S:/SteamLibrary/steamapps/common/Hackhub/resources/app.asar/dist/assets/vendor.js:32:34440)
    at E (file:///S:/SteamLibrary/steamapps/common/Hackhub/resources/app.asar/dist/assets/vendor.js:17:1562)
    at MessagePort.un (file:///S:/SteamLibrary/steamapps/common/Hackhub/resources/app.asar/dist/assets/vendor.js:17:1930)
==============================================

==============================================
[01/09/2026, 19:20:55] [ERROR]
----------------------------------------------
[RENDERER] TypeError: Cannot read properties of undefined (reading 'toLowerCase')
TypeError: Cannot read properties of undefined (reading 'toLowerCase')
    at file:///S:/SteamLibrary/steamapps/common/Hackhub/resources/app.asar/dist/assets/index.js:166770:130685
    at Array.filter (<anonymous>)
    at file:///S:/SteamLibrary/steamapps/common/Hackhub/resources/app.asar/dist/assets/index.js:166770:130631
    at Object.useMemo (file:///S:/SteamLibrary/steamapps/common/Hackhub/resources/app.asar/dist/assets/vendor.js:30:23228)
    at T.useMemo (file:///S:/SteamLibrary/steamapps/common/Hackhub/resources/app.asar/dist/assets/vendor.js:9:6193)
    at ahl (file:///S:/SteamLibrary/steamapps/common/Hackhub/resources/app.asar/dist/assets/index.js:166770:130615)
    at mo (file:///S:/SteamLibrary/steamapps/common/Hackhub/resources/app.asar/dist/assets/vendor.js:30:16959)
    at Wa (file:///S:/SteamLibrary/steamapps/common/Hackhub/resources/app.asar/dist/assets/vendor.js:32:43694)
    at Va (file:///S:/SteamLibrary/steamapps/common/Hackhub/resources/app.asar/dist/assets/vendor.js:32:39499)
    at ud (file:///S:/SteamLibrary/steamapps/common/Hackhub/resources/app.asar/dist/assets/vendor.js:32:39430)
    at Zr (file:///S:/SteamLibrary/steamapps/common/Hackhub/resources/app.asar/dist/assets/vendor.js:32:39289)
    at Ou (file:///S:/SteamLibrary/steamapps/common/Hackhub/resources/app.asar/dist/assets/vendor.js:32:35710)
    at Ua (file:///S:/SteamLibrary/steamapps/common/Hackhub/resources/app.asar/dist/assets/vendor.js:32:34666)
    at E (file:///S:/SteamLibrary/steamapps/common/Hackhub/resources/app.asar/dist/assets/vendor.js:17:1562)
    at MessagePort.un (file:///S:/SteamLibrary/steamapps/common/Hackhub/resources/app.asar/dist/assets/vendor.js:17:1930)
==============================================

==============================================
  APPLICATION CLOSING
  Time: 01/09/2026, 19:21:20
==============================================

==============================================
  HACKHUB LOG FILE
  Started: 01/09/2026, 21:27:48
  Version: 1.1.2
  Platform: win32
  Arch: x64
==============================================


==============================================
[01/09/2026, 21:27:48] [INFO]
----------------------------------------------
Steamworks initalized: Zeis [ZF] - 76561197976480835
==============================================

==============================================
[01/09/2026, 21:27:48] [INFO]
----------------------------------------------
[WorkshopController] initialized with appId: 2980270
==============================================

==============================================
[01/09/2026, 21:27:50] [INFO]
----------------------------------------------
[RENDERER] [Markdown Note Editor] Mod loaded.
==============================================

==============================================
[01/09/2026, 21:27:50] [INFO]
----------------------------------------------
[RENDERER] [nemesis-protocol-stage1] Nemesis Protocol loaded. The mission is waiting in the HackHub feed.
==============================================

==============================================
[01/09/2026, 21:27:50] [INFO]
----------------------------------------------
[RENDERER] Custom Browser mod loaded with ordered categories!
==============================================

==============================================
[01/09/2026, 21:27:50] [INFO]
----------------------------------------------
[RENDERER] RetroArcade v1.0.0 loaded!
==============================================

==============================================
[01/09/2026, 21:27:50] [INFO]
----------------------------------------------
[RENDERER] [darknet-tree] Darknet-Tree loaded! Check the App Store for NotePad.
==============================================

==============================================
[01/09/2026, 21:27:50] [INFO]
----------------------------------------------
[RENDERER] [synthetik-wallet] Synthetik Wallet loaded! Find it in the App Store.
==============================================

==============================================
[01/09/2026, 21:27:50] [INFO]
----------------------------------------------
[RENDERER] [GhostLink] v1.0.2 loaded
==============================================

==============================================
[01/09/2026, 21:27:50] [INFO]
----------------------------------------------
[RENDERER] [python-is-python3] Mod loaded! Run: apt-get install python-is-python3
==============================================

==============================================
[01/09/2026, 21:27:50] [INFO]
----------------------------------------------
[RENDERER] Lockchain Wallet mod loaded: websites, phone wallet, marketplace, miner, and isolated RPC registered.
==============================================

==============================================
[01/09/2026, 21:27:50] [INFO]
----------------------------------------------
[RENDERER] [Fishception] biological daemon loaded
==============================================

==============================================
[01/09/2026, 21:27:50] [INFO]
----------------------------------------------
[RENDERER] [Beginner Handbook+] Registered 109 handbook pages without title prefixes. Language: en.
==============================================

==============================================
[01/09/2026, 21:27:50] [INFO]
----------------------------------------------
[RENDERER] [vault-manager] Vault Manager loaded — password vault & sticky notes ready.
==============================================

==============================================
[01/09/2026, 21:27:51] [ERROR]
----------------------------------------------
(node:25264) [DEP0169] DeprecationWarning: `url.parse()` behavior is not standardized and prone to errors that have security implications. Use the WHATWG URL API instead. CVEs are not issued for `url.parse()` vulnerabilities.
(Use `Hackhub --trace-deprecation ...` to show where the warning was created)
==============================================

==============================================
  APPLICATION CLOSING
  Time: 01/09/2026, 21:36:29
==============================================

==============================================
  APPLICATION CLOSING
  Time: 01/09/2026, 21:36:29
==============================================

==============================================
  HACKHUB LOG FILE
  Started: 01/09/2026, 21:40:09
  Version: 1.1.2
  Platform: win32
  Arch: x64
==============================================


==============================================
[01/09/2026, 21:40:09] [INFO]
----------------------------------------------
Steamworks initalized: Zeis [ZF] - 76561197976480835
==============================================

==============================================
[01/09/2026, 21:40:09] [INFO]
----------------------------------------------
[WorkshopController] initialized with appId: 2980270
==============================================

==============================================
[01/09/2026, 21:40:10] [INFO]
----------------------------------------------
[RENDERER] [Markdown Note Editor] Mod loaded.
==============================================

==============================================
[01/09/2026, 21:40:10] [INFO]
----------------------------------------------
[RENDERER] [nemesis-protocol-stage1] Nemesis Protocol loaded. The mission is waiting in the HackHub feed.
==============================================

==============================================
[01/09/2026, 21:40:10] [INFO]
----------------------------------------------
[RENDERER] Custom Browser mod loaded with ordered categories!
==============================================

==============================================
[01/09/2026, 21:40:10] [INFO]
----------------------------------------------
[RENDERER] RetroArcade v1.0.0 loaded!
==============================================

==============================================
[01/09/2026, 21:40:10] [INFO]
----------------------------------------------
[RENDERER] [darknet-tree] Darknet-Tree loaded! Check the App Store for NotePad.
==============================================

==============================================
[01/09/2026, 21:40:10] [INFO]
----------------------------------------------
[RENDERER] [synthetik-wallet] Synthetik Wallet loaded! Find it in the App Store.
==============================================

==============================================
[01/09/2026, 21:40:10] [INFO]
----------------------------------------------
[RENDERER] [GhostLink] v1.0.2 loaded
==============================================

==============================================
[01/09/2026, 21:40:10] [INFO]
----------------------------------------------
[RENDERER] [python-is-python3] Mod loaded! Run: apt-get install python-is-python3
==============================================

==============================================
[01/09/2026, 21:40:10] [INFO]
----------------------------------------------
[RENDERER] Lockchain Wallet mod loaded: websites, phone wallet, marketplace, miner, and isolated RPC registered.
==============================================

==============================================
[01/09/2026, 21:40:10] [INFO]
----------------------------------------------
[RENDERER] [Fishception] biological daemon loaded
==============================================

==============================================
[01/09/2026, 21:40:10] [INFO]
----------------------------------------------
[RENDERER] [Beginner Handbook+] Registered 109 handbook pages without title prefixes. Language: en.
==============================================

==============================================
[01/09/2026, 21:40:10] [INFO]
----------------------------------------------
[RENDERER] [vault-manager] Vault Manager loaded — password vault & sticky notes ready.
==============================================

==============================================
[01/09/2026, 21:40:11] [ERROR]
----------------------------------------------
(node:13532) [DEP0169] DeprecationWarning: `url.parse()` behavior is not standardized and prone to errors that have security implications. Use the WHATWG URL API instead. CVEs are not issued for `url.parse()` vulnerabilities.
(Use `Hackhub --trace-deprecation ...` to show where the warning was created)
==============================================

==============================================
[01/09/2026, 21:40:11] [WARN]
----------------------------------------------
[Network] POST https://gateway.hotbunny.dev/hackhub/auth/steam/challenge failed after 142ms: ERR_BAD_REQUEST Request failed with status code 429
==============================================

==============================================
[01/09/2026, 21:40:12] [WARN]
----------------------------------------------
[Network] POST https://gateway.hotbunny.dev/hackhub/auth/steam failed after 49ms: ERR_BAD_REQUEST Request failed with status code 429
==============================================

==============================================
[01/09/2026, 21:40:13] [WARN]
----------------------------------------------
[Network] POST https://gateway.hotbunny.dev/hackhub/auth/steam/challenge failed after 47ms: ERR_BAD_REQUEST Request failed with status code 429
==============================================

==============================================
[01/09/2026, 21:40:13] [WARN]
----------------------------------------------
[Network] POST https://gateway.hotbunny.dev/hackhub/auth/steam/challenge failed after 51ms: ERR_BAD_REQUEST Request failed with status code 429
==============================================

==============================================
[01/09/2026, 21:40:14] [WARN]
----------------------------------------------
[Network] POST https://gateway.hotbunny.dev/hackhub/auth/steam/challenge failed after 53ms: ERR_BAD_REQUEST Request failed with status code 429
==============================================

==============================================
[01/09/2026, 21:40:14] [WARN]
----------------------------------------------
[Network] POST https://gateway.hotbunny.dev/hackhub/auth/steam/challenge failed after 42ms: ERR_BAD_REQUEST Request failed with status code 429
==============================================

==============================================
[01/09/2026, 21:40:14] [WARN]
----------------------------------------------
[Network] GET https://gateway.hotbunny.dev/hackhub/announcements?limit=10 failed after 47ms: ERR_BAD_REQUEST Request failed with status code 401
==============================================

==============================================
[01/09/2026, 21:40:14] [WARN]
----------------------------------------------
[Network] GET https://gateway.hotbunny.dev/hackhub/stats failed after 47ms: ERR_BAD_REQUEST Request failed with status code 401
==============================================

==============================================
[01/09/2026, 21:40:14] [WARN]
----------------------------------------------
[Network] GET https://gateway.hotbunny.dev/hackhub/pages failed after 81ms: ERR_BAD_REQUEST Request failed with status code 401
==============================================

==============================================
[01/09/2026, 21:40:14] [WARN]
----------------------------------------------
[Network] GET https://gateway.hotbunny.dev/hackhub/dlc-store/config failed after 81ms: ERR_BAD_REQUEST Request failed with status code 401
==============================================

==============================================
[01/09/2026, 21:40:14] [WARN]
----------------------------------------------
[Network] GET https://gateway.hotbunny.dev/hackhub/featured-mods failed after 83ms: ERR_BAD_REQUEST Request failed with status code 401
==============================================

==============================================
[01/09/2026, 21:40:14] [WARN]
----------------------------------------------
[Network] GET https://gateway.hotbunny.dev/hackhub/actions failed after 110ms: ERR_BAD_REQUEST Request failed with status code 401
==============================================

==============================================
[01/09/2026, 21:40:14] [WARN]
----------------------------------------------
[Network] GET https://gateway.hotbunny.dev/hackhub/polls failed after 113ms: ERR_BAD_REQUEST Request failed with status code 401
==============================================

==============================================
[01/09/2026, 21:40:15] [WARN]
----------------------------------------------
[Network] POST https://gateway.hotbunny.dev/hackhub/auth/steam/challenge failed after 42ms: ERR_BAD_REQUEST Request failed with status code 429
==============================================

==============================================
[01/09/2026, 21:40:15] [WARN]
----------------------------------------------
[Network] POST https://gateway.hotbunny.dev/hackhub/auth/steam/challenge failed after 47ms: ERR_BAD_REQUEST Request failed with status code 429
==============================================

==============================================
[01/09/2026, 21:40:16] [WARN]
----------------------------------------------
[Network] POST https://gateway.hotbunny.dev/hackhub/auth/steam/challenge failed after 50ms: ERR_BAD_REQUEST Request failed with status code 429
==============================================

==============================================
[01/09/2026, 21:40:16] [WARN]
----------------------------------------------
[Network] GET https://gateway.hotbunny.dev/hackhub/player-notifications?limit=50 failed after 49ms: ERR_BAD_REQUEST Request failed with status code 401
==============================================

==============================================
[01/09/2026, 21:40:16] [WARN]
----------------------------------------------
[Network] GET https://gateway.hotbunny.dev/hackhub/player-notifications?limit=50 failed after 49ms: ERR_BAD_REQUEST Request failed with status code 401
==============================================

==============================================
[01/09/2026, 21:40:20] [WARN]
----------------------------------------------
[Network] POST https://gateway.hotbunny.dev/hackhub/auth/steam/challenge failed after 40ms: ERR_BAD_REQUEST Request failed with status code 429
==============================================

==============================================
[01/09/2026, 21:40:20] [WARN]
----------------------------------------------
[Network] POST https://gateway.hotbunny.dev/hackhub/auth/steam/challenge failed after 45ms: ERR_BAD_REQUEST Request failed with status code 429
==============================================

==============================================
[01/09/2026, 21:40:21] [WARN]
----------------------------------------------
[Network] POST https://gateway.hotbunny.dev/hackhub/auth/steam/challenge failed after 41ms: ERR_BAD_REQUEST Request failed with status code 429
==============================================

==============================================
[01/09/2026, 21:40:21] [WARN]
----------------------------------------------
[Network] GET https://gateway.hotbunny.dev/hackhub/player-notifications?limit=50 failed after 41ms: ERR_BAD_REQUEST Request failed with status code 401
==============================================

==============================================
[01/09/2026, 21:40:22] [WARN]
----------------------------------------------
[RENDERER] [PruneOrphanQuests] Dropping "diag" (IBnGLFgas9): no installed content defines it.
==============================================

==============================================
[01/09/2026, 21:40:41] [WARN]
----------------------------------------------
[RENDERER] Deprecation warning: value provided is not in a recognized RFC2822 or ISO format. moment construction falls back to js Date(), which is not reliable across all browsers and versions. Non RFC2822/ISO date formats are discouraged. Please refer to http://momentjs.com/guides/#/warnings/js-date/ for more info.
Arguments: 
[0] _isAMomentObject: true, _isUTC: false, _useUTC: false, _l: undefined, _i: Tue Sep 01 2026 17:43:30 GMT+0200 (Central European Summer Time), _f: undefined, _strict: undefined, _locale: [object Object]
Error
    at O.createFromInputFallback (file:///S:/SteamLibrary/steamapps/common/Hackhub/resources/app.asar/dist/assets/utils.js:9:3)
    at zm (file:///S:/SteamLibrary/steamapps/common/Hackhub/resources/app.asar/dist/assets/utils.js:9:25839)
    at Xm (file:///S:/SteamLibrary/steamapps/common/Hackhub/resources/app.asar/dist/assets/utils.js:9:29577)
    at qo (file:///S:/SteamLibrary/steamapps/common/Hackhub/resources/app.asar/dist/assets/utils.js:9:29441)
    at Jm (file:///S:/SteamLibrary/steamapps/common/Hackhub/resources/app.asar/dist/assets/utils.js:9:29155)
    at Ko (file:///S:/SteamLibrary/steamapps/common/Hackhub/resources/app.asar/dist/assets/utils.js:9:29944)
    at ne (file:///S:/SteamLibrary/steamapps/common/Hackhub/resources/app.asar/dist/assets/utils.js:9:29978)
    at O (file:///S:/SteamLibrary/steamapps/common/Hackhub/resources/app.asar/dist/assets/utils.js:6:31)
    at FSe (file:///S:/SteamLibrary/steamapps/common/Hackhub/resources/app.asar/dist/assets/index.js:166770:102594)
    at mo (file:///S:/SteamLibrary/steamapps/common/Hackhub/resources/app.asar/dist/assets/vendor.js:30:16959)
    at Wa (file:///S:/SteamLibrary/steamapps/common/Hackhub/resources/app.asar/dist/assets/vendor.js:32:43694)
    at Va (file:///S:/SteamLibrary/steamapps/common/Hackhub/resources/app.asar/dist/assets/vendor.js:32:39499)
    at ud (file:///S:/SteamLibrary/steamapps/common/Hackhub/resources/app.asar/dist/assets/vendor.js:32:39430)
    at Zr (file:///S:/SteamLibrary/steamapps/common/Hackhub/resources/app.asar/dist/assets/vendor.js:32:39289)
    at Ua (file:///S:/SteamLibrary/steamapps/common/Hackhub/resources/app.asar/dist/assets/vendor.js:32:34440)
    at E (file:///S:/SteamLibrary/steamapps/common/Hackhub/resources/app.asar/dist/assets/vendor.js:17:1562)
    at MessagePort.un (file:///S:/SteamLibrary/steamapps/common/Hackhub/resources/app.asar/dist/assets/vendor.js:17:1930)
==============================================

==============================================
[01/09/2026, 21:40:45] [ERROR]
----------------------------------------------
[RENDERER] TypeError: Cannot read properties of undefined (reading 'toLowerCase')
TypeError: Cannot read properties of undefined (reading 'toLowerCase')
    at file:///S:/SteamLibrary/steamapps/common/Hackhub/resources/app.asar/dist/assets/index.js:166770:130685
    at Array.filter (<anonymous>)
    at file:///S:/SteamLibrary/steamapps/common/Hackhub/resources/app.asar/dist/assets/index.js:166770:130631
    at Object.useMemo (file:///S:/SteamLibrary/steamapps/common/Hackhub/resources/app.asar/dist/assets/vendor.js:30:23228)
    at T.useMemo (file:///S:/SteamLibrary/steamapps/common/Hackhub/resources/app.asar/dist/assets/vendor.js:9:6193)
    at ahl (file:///S:/SteamLibrary/steamapps/common/Hackhub/resources/app.asar/dist/assets/index.js:166770:130615)
    at mo (file:///S:/SteamLibrary/steamapps/common/Hackhub/resources/app.asar/dist/assets/vendor.js:30:16959)
    at Wa (file:///S:/SteamLibrary/steamapps/common/Hackhub/resources/app.asar/dist/assets/vendor.js:32:43694)
    at Va (file:///S:/SteamLibrary/steamapps/common/Hackhub/resources/app.asar/dist/assets/vendor.js:32:39499)
    at ud (file:///S:/SteamLibrary/steamapps/common/Hackhub/resources/app.asar/dist/assets/vendor.js:32:39430)
    at Zr (file:///S:/SteamLibrary/steamapps/common/Hackhub/resources/app.asar/dist/assets/vendor.js:32:39289)
    at Ou (file:///S:/SteamLibrary/steamapps/common/Hackhub/resources/app.asar/dist/assets/vendor.js:32:35710)
    at Ua (file:///S:/SteamLibrary/steamapps/common/Hackhub/resources/app.asar/dist/assets/vendor.js:32:34666)
    at E (file:///S:/SteamLibrary/steamapps/common/Hackhub/resources/app.asar/dist/assets/vendor.js:17:1562)
    at MessagePort.un (file:///S:/SteamLibrary/steamapps/common/Hackhub/resources/app.asar/dist/assets/vendor.js:17:1930)
==============================================

==============================================
  APPLICATION CLOSING
  Time: 01/09/2026, 21:41:09
==============================================

==============================================
  HACKHUB LOG FILE
  Started: 01/09/2026, 21:41:29
  Version: 1.1.2
  Platform: win32
  Arch: x64
==============================================


==============================================
[01/09/2026, 21:41:29] [INFO]
----------------------------------------------
Steamworks initalized: Zeis [ZF] - 76561197976480835
==============================================

==============================================
[01/09/2026, 21:41:29] [INFO]
----------------------------------------------
[WorkshopController] initialized with appId: 2980270
==============================================

==============================================
[01/09/2026, 21:41:30] [INFO]
----------------------------------------------
[RENDERER] [Markdown Note Editor] Mod loaded.
==============================================

==============================================
[01/09/2026, 21:41:30] [INFO]
----------------------------------------------
[RENDERER] [nemesis-protocol-stage1] Nemesis Protocol loaded. The mission is waiting in the HackHub feed.
==============================================

==============================================
[01/09/2026, 21:41:30] [INFO]
----------------------------------------------
[RENDERER] Custom Browser mod loaded with ordered categories!
==============================================

==============================================
[01/09/2026, 21:41:30] [INFO]
----------------------------------------------
[RENDERER] RetroArcade v1.0.0 loaded!
==============================================

==============================================
[01/09/2026, 21:41:30] [INFO]
----------------------------------------------
[RENDERER] [darknet-tree] Darknet-Tree loaded! Check the App Store for NotePad.
==============================================

==============================================
[01/09/2026, 21:41:30] [INFO]
----------------------------------------------
[RENDERER] [synthetik-wallet] Synthetik Wallet loaded! Find it in the App Store.
==============================================

==============================================
[01/09/2026, 21:41:30] [INFO]
----------------------------------------------
[RENDERER] [GhostLink] v1.0.2 loaded
==============================================

==============================================
[01/09/2026, 21:41:30] [INFO]
----------------------------------------------
[RENDERER] [python-is-python3] Mod loaded! Run: apt-get install python-is-python3
==============================================

==============================================
[01/09/2026, 21:41:30] [INFO]
----------------------------------------------
[RENDERER] Lockchain Wallet mod loaded: websites, phone wallet, marketplace, miner, and isolated RPC registered.
==============================================

==============================================
[01/09/2026, 21:41:30] [INFO]
----------------------------------------------
[RENDERER] [Fishception] biological daemon loaded
==============================================

==============================================
[01/09/2026, 21:41:30] [INFO]
----------------------------------------------
[RENDERER] [Beginner Handbook+] Registered 109 handbook pages without title prefixes. Language: en.
==============================================

==============================================
[01/09/2026, 21:41:30] [INFO]
----------------------------------------------
[RENDERER] [vault-manager] Vault Manager loaded — password vault & sticky notes ready.
==============================================

==============================================
[01/09/2026, 21:41:30] [ERROR]
----------------------------------------------
(node:13896) [DEP0169] DeprecationWarning: `url.parse()` behavior is not standardized and prone to errors that have security implications. Use the WHATWG URL API instead. CVEs are not issued for `url.parse()` vulnerabilities.
(Use `Hackhub --trace-deprecation ...` to show where the warning was created)
==============================================

==============================================
[01/09/2026, 21:41:38] [WARN]
----------------------------------------------
[RENDERER] [PruneOrphanQuests] Dropping "DiagTest01" (ZbW5qS5Baj): no installed content defines it.
==============================================

==============================================
[01/09/2026, 21:41:52] [WARN]
----------------------------------------------
[RENDERER] Deprecation warning: value provided is not in a recognized RFC2822 or ISO format. moment construction falls back to js Date(), which is not reliable across all browsers and versions. Non RFC2822/ISO date formats are discouraged. Please refer to http://momentjs.com/guides/#/warnings/js-date/ for more info.
Arguments: 
[0] _isAMomentObject: true, _isUTC: false, _useUTC: false, _l: undefined, _i: Tue Sep 01 2026 17:43:30 GMT+0200 (Central European Summer Time), _f: undefined, _strict: undefined, _locale: [object Object]
Error
    at O.createFromInputFallback (file:///S:/SteamLibrary/steamapps/common/Hackhub/resources/app.asar/dist/assets/utils.js:9:3)
    at zm (file:///S:/SteamLibrary/steamapps/common/Hackhub/resources/app.asar/dist/assets/utils.js:9:25839)
    at Xm (file:///S:/SteamLibrary/steamapps/common/Hackhub/resources/app.asar/dist/assets/utils.js:9:29577)
    at qo (file:///S:/SteamLibrary/steamapps/common/Hackhub/resources/app.asar/dist/assets/utils.js:9:29441)
    at Jm (file:///S:/SteamLibrary/steamapps/common/Hackhub/resources/app.asar/dist/assets/utils.js:9:29155)
    at Ko (file:///S:/SteamLibrary/steamapps/common/Hackhub/resources/app.asar/dist/assets/utils.js:9:29944)
    at ne (file:///S:/SteamLibrary/steamapps/common/Hackhub/resources/app.asar/dist/assets/utils.js:9:29978)
    at O (file:///S:/SteamLibrary/steamapps/common/Hackhub/resources/app.asar/dist/assets/utils.js:6:31)
    at FSe (file:///S:/SteamLibrary/steamapps/common/Hackhub/resources/app.asar/dist/assets/index.js:166770:102594)
    at mo (file:///S:/SteamLibrary/steamapps/common/Hackhub/resources/app.asar/dist/assets/vendor.js:30:16959)
    at Wa (file:///S:/SteamLibrary/steamapps/common/Hackhub/resources/app.asar/dist/assets/vendor.js:32:43694)
    at Va (file:///S:/SteamLibrary/steamapps/common/Hackhub/resources/app.asar/dist/assets/vendor.js:32:39499)
    at ud (file:///S:/SteamLibrary/steamapps/common/Hackhub/resources/app.asar/dist/assets/vendor.js:32:39430)
    at Zr (file:///S:/SteamLibrary/steamapps/common/Hackhub/resources/app.asar/dist/assets/vendor.js:32:39289)
    at Ua (file:///S:/SteamLibrary/steamapps/common/Hackhub/resources/app.asar/dist/assets/vendor.js:32:34440)
    at E (file:///S:/SteamLibrary/steamapps/common/Hackhub/resources/app.asar/dist/assets/vendor.js:17:1562)
    at MessagePort.un (file:///S:/SteamLibrary/steamapps/common/Hackhub/resources/app.asar/dist/assets/vendor.js:17:1930)
==============================================

==============================================
[01/09/2026, 21:41:55] [ERROR]
----------------------------------------------
[RENDERER] TypeError: Cannot read properties of undefined (reading 'toLowerCase')
TypeError: Cannot read properties of undefined (reading 'toLowerCase')
    at file:///S:/SteamLibrary/steamapps/common/Hackhub/resources/app.asar/dist/assets/index.js:166770:130685
    at Array.filter (<anonymous>)
    at file:///S:/SteamLibrary/steamapps/common/Hackhub/resources/app.asar/dist/assets/index.js:166770:130631
    at Object.useMemo (file:///S:/SteamLibrary/steamapps/common/Hackhub/resources/app.asar/dist/assets/vendor.js:30:23228)
    at T.useMemo (file:///S:/SteamLibrary/steamapps/common/Hackhub/resources/app.asar/dist/assets/vendor.js:9:6193)
    at ahl (file:///S:/SteamLibrary/steamapps/common/Hackhub/resources/app.asar/dist/assets/index.js:166770:130615)
    at mo (file:///S:/SteamLibrary/steamapps/common/Hackhub/resources/app.asar/dist/assets/vendor.js:30:16959)
    at Wa (file:///S:/SteamLibrary/steamapps/common/Hackhub/resources/app.asar/dist/assets/vendor.js:32:43694)
    at Va (file:///S:/SteamLibrary/steamapps/common/Hackhub/resources/app.asar/dist/assets/vendor.js:32:39499)
    at ud (file:///S:/SteamLibrary/steamapps/common/Hackhub/resources/app.asar/dist/assets/vendor.js:32:39430)
    at Zr (file:///S:/SteamLibrary/steamapps/common/Hackhub/resources/app.asar/dist/assets/vendor.js:32:39289)
    at Ou (file:///S:/SteamLibrary/steamapps/common/Hackhub/resources/app.asar/dist/assets/vendor.js:32:35710)
    at Ua (file:///S:/SteamLibrary/steamapps/common/Hackhub/resources/app.asar/dist/assets/vendor.js:32:34666)
    at E (file:///S:/SteamLibrary/steamapps/common/Hackhub/resources/app.asar/dist/assets/vendor.js:17:1562)
    at MessagePort.un (file:///S:/SteamLibrary/steamapps/common/Hackhub/resources/app.asar/dist/assets/vendor.js:17:1930)
==============================================

==============================================
  APPLICATION CLOSING
  Time: 01/09/2026, 21:42:48
==============================================

==============================================
  HACKHUB LOG FILE
  Started: 01/09/2026, 21:42:57
  Version: 1.1.2
  Platform: win32
  Arch: x64
==============================================


==============================================
[01/09/2026, 21:42:57] [INFO]
----------------------------------------------
Steamworks initalized: Zeis [ZF] - 76561197976480835
==============================================

==============================================
[01/09/2026, 21:42:57] [INFO]
----------------------------------------------
[WorkshopController] initialized with appId: 2980270
==============================================

==============================================
[01/09/2026, 21:42:58] [INFO]
----------------------------------------------
[RENDERER] [Markdown Note Editor] Mod loaded.
==============================================

==============================================
[01/09/2026, 21:42:58] [INFO]
----------------------------------------------
[RENDERER] [nemesis-protocol-stage1] Nemesis Protocol loaded. The mission is waiting in the HackHub feed.
==============================================

==============================================
[01/09/2026, 21:42:58] [INFO]
----------------------------------------------
[RENDERER] Custom Browser mod loaded with ordered categories!
==============================================

==============================================
[01/09/2026, 21:42:58] [INFO]
----------------------------------------------
[RENDERER] RetroArcade v1.0.0 loaded!
==============================================

==============================================
[01/09/2026, 21:42:58] [INFO]
----------------------------------------------
[RENDERER] [darknet-tree] Darknet-Tree loaded! Check the App Store for NotePad.
==============================================

==============================================
[01/09/2026, 21:42:58] [INFO]
----------------------------------------------
[RENDERER] [synthetik-wallet] Synthetik Wallet loaded! Find it in the App Store.
==============================================

==============================================
[01/09/2026, 21:42:58] [INFO]
----------------------------------------------
[RENDERER] [GhostLink] v1.0.2 loaded
==============================================

==============================================
[01/09/2026, 21:42:58] [INFO]
----------------------------------------------
[RENDERER] [python-is-python3] Mod loaded! Run: apt-get install python-is-python3
==============================================

==============================================
[01/09/2026, 21:42:58] [INFO]
----------------------------------------------
[RENDERER] Lockchain Wallet mod loaded: websites, phone wallet, marketplace, miner, and isolated RPC registered.
==============================================

==============================================
[01/09/2026, 21:42:58] [INFO]
----------------------------------------------
[RENDERER] [Fishception] biological daemon loaded
==============================================

==============================================
[01/09/2026, 21:42:58] [INFO]
----------------------------------------------
[RENDERER] [Beginner Handbook+] Registered 109 handbook pages without title prefixes. Language: en.
==============================================

==============================================
[01/09/2026, 21:42:58] [INFO]
----------------------------------------------
[RENDERER] [vault-manager] Vault Manager loaded — password vault & sticky notes ready.
==============================================

==============================================
[01/09/2026, 21:42:58] [ERROR]
----------------------------------------------
(node:8952) [DEP0169] DeprecationWarning: `url.parse()` behavior is not standardized and prone to errors that have security implications. Use the WHATWG URL API instead. CVEs are not issued for `url.parse()` vulnerabilities.
(Use `Hackhub --trace-deprecation ...` to show where the warning was created)
==============================================

==============================================
[01/09/2026, 21:42:58] [WARN]
----------------------------------------------
[Network] POST https://gateway.hotbunny.dev/hackhub/auth/steam/challenge failed after 86ms: ERR_BAD_REQUEST Request failed with status code 429
==============================================

==============================================
[01/09/2026, 21:42:59] [WARN]
----------------------------------------------
[Network] POST https://gateway.hotbunny.dev/hackhub/auth/steam/challenge failed after 49ms: ERR_BAD_REQUEST Request failed with status code 429
==============================================

==============================================
[01/09/2026, 21:43:01] [WARN]
----------------------------------------------
[Network] POST https://gateway.hotbunny.dev/hackhub/auth/steam failed after 68ms: ERR_BAD_REQUEST Request failed with status code 429
==============================================

==============================================
[01/09/2026, 21:43:10] [WARN]
----------------------------------------------
[RENDERER] Deprecation warning: value provided is not in a recognized RFC2822 or ISO format. moment construction falls back to js Date(), which is not reliable across all browsers and versions. Non RFC2822/ISO date formats are discouraged. Please refer to http://momentjs.com/guides/#/warnings/js-date/ for more info.
Arguments: 
[0] _isAMomentObject: true, _isUTC: false, _useUTC: false, _l: undefined, _i: Tue Sep 01 2026 17:43:30 GMT+0200 (Central European Summer Time), _f: undefined, _strict: undefined, _locale: [object Object]
Error
    at O.createFromInputFallback (file:///S:/SteamLibrary/steamapps/common/Hackhub/resources/app.asar/dist/assets/utils.js:9:3)
    at zm (file:///S:/SteamLibrary/steamapps/common/Hackhub/resources/app.asar/dist/assets/utils.js:9:25839)
    at Xm (file:///S:/SteamLibrary/steamapps/common/Hackhub/resources/app.asar/dist/assets/utils.js:9:29577)
    at qo (file:///S:/SteamLibrary/steamapps/common/Hackhub/resources/app.asar/dist/assets/utils.js:9:29441)
    at Jm (file:///S:/SteamLibrary/steamapps/common/Hackhub/resources/app.asar/dist/assets/utils.js:9:29155)
    at Ko (file:///S:/SteamLibrary/steamapps/common/Hackhub/resources/app.asar/dist/assets/utils.js:9:29944)
    at ne (file:///S:/SteamLibrary/steamapps/common/Hackhub/resources/app.asar/dist/assets/utils.js:9:29978)
    at O (file:///S:/SteamLibrary/steamapps/common/Hackhub/resources/app.asar/dist/assets/utils.js:6:31)
    at FSe (file:///S:/SteamLibrary/steamapps/common/Hackhub/resources/app.asar/dist/assets/index.js:166770:102594)
    at mo (file:///S:/SteamLibrary/steamapps/common/Hackhub/resources/app.asar/dist/assets/vendor.js:30:16959)
    at Wa (file:///S:/SteamLibrary/steamapps/common/Hackhub/resources/app.asar/dist/assets/vendor.js:32:43694)
    at Va (file:///S:/SteamLibrary/steamapps/common/Hackhub/resources/app.asar/dist/assets/vendor.js:32:39499)
    at ud (file:///S:/SteamLibrary/steamapps/common/Hackhub/resources/app.asar/dist/assets/vendor.js:32:39430)
    at Zr (file:///S:/SteamLibrary/steamapps/common/Hackhub/resources/app.asar/dist/assets/vendor.js:32:39289)
    at Ua (file:///S:/SteamLibrary/steamapps/common/Hackhub/resources/app.asar/dist/assets/vendor.js:32:34440)
    at E (file:///S:/SteamLibrary/steamapps/common/Hackhub/resources/app.asar/dist/assets/vendor.js:17:1562)
    at MessagePort.un (file:///S:/SteamLibrary/steamapps/common/Hackhub/resources/app.asar/dist/assets/vendor.js:17:1930)
==============================================

==============================================
[01/09/2026, 21:43:15] [ERROR]
----------------------------------------------
[RENDERER] TypeError: Cannot read properties of undefined (reading 'toLowerCase')
TypeError: Cannot read properties of undefined (reading 'toLowerCase')
    at file:///S:/SteamLibrary/steamapps/common/Hackhub/resources/app.asar/dist/assets/index.js:166770:130685
    at Array.filter (<anonymous>)
    at file:///S:/SteamLibrary/steamapps/common/Hackhub/resources/app.asar/dist/assets/index.js:166770:130631
    at Object.useMemo (file:///S:/SteamLibrary/steamapps/common/Hackhub/resources/app.asar/dist/assets/vendor.js:30:23228)
    at T.useMemo (file:///S:/SteamLibrary/steamapps/common/Hackhub/resources/app.asar/dist/assets/vendor.js:9:6193)
    at ahl (file:///S:/SteamLibrary/steamapps/common/Hackhub/resources/app.asar/dist/assets/index.js:166770:130615)
    at mo (file:///S:/SteamLibrary/steamapps/common/Hackhub/resources/app.asar/dist/assets/vendor.js:30:16959)
    at Wa (file:///S:/SteamLibrary/steamapps/common/Hackhub/resources/app.asar/dist/assets/vendor.js:32:43694)
    at Va (file:///S:/SteamLibrary/steamapps/common/Hackhub/resources/app.asar/dist/assets/vendor.js:32:39499)
    at ud (file:///S:/SteamLibrary/steamapps/common/Hackhub/resources/app.asar/dist/assets/vendor.js:32:39430)
    at Zr (file:///S:/SteamLibrary/steamapps/common/Hackhub/resources/app.asar/dist/assets/vendor.js:32:39289)
    at Ou (file:///S:/SteamLibrary/steamapps/common/Hackhub/resources/app.asar/dist/assets/vendor.js:32:35710)
    at Ua (file:///S:/SteamLibrary/steamapps/common/Hackhub/resources/app.asar/dist/assets/vendor.js:32:34666)
    at E (file:///S:/SteamLibrary/steamapps/common/Hackhub/resources/app.asar/dist/assets/vendor.js:17:1562)
    at MessagePort.un (file:///S:/SteamLibrary/steamapps/common/Hackhub/resources/app.asar/dist/assets/vendor.js:17:1930)
==============================================

==============================================
  APPLICATION CLOSING
  Time: 01/09/2026, 21:44:17
==============================================

==============================================
  HACKHUB LOG FILE
  Started: 01/09/2026, 21:44:41
  Version: 1.1.2
  Platform: win32
  Arch: x64
==============================================


==============================================
[01/09/2026, 21:44:41] [INFO]
----------------------------------------------
Steamworks initalized: Zeis [ZF] - 76561197976480835
==============================================

==============================================
[01/09/2026, 21:44:41] [INFO]
----------------------------------------------
[WorkshopController] initialized with appId: 2980270
==============================================

==============================================
[01/09/2026, 21:44:42] [INFO]
----------------------------------------------
[RENDERER] [Markdown Note Editor] Mod loaded.
==============================================

==============================================
[01/09/2026, 21:44:42] [INFO]
----------------------------------------------
[RENDERER] [nemesis-protocol-stage1] Nemesis Protocol loaded. The mission is waiting in the HackHub feed.
==============================================

==============================================
[01/09/2026, 21:44:42] [INFO]
----------------------------------------------
[RENDERER] Custom Browser mod loaded with ordered categories!
==============================================

==============================================
[01/09/2026, 21:44:42] [INFO]
----------------------------------------------
[RENDERER] RetroArcade v1.0.0 loaded!
==============================================

==============================================
[01/09/2026, 21:44:42] [INFO]
----------------------------------------------
[RENDERER] [darknet-tree] Darknet-Tree loaded! Check the App Store for NotePad.
==============================================

==============================================
[01/09/2026, 21:44:42] [INFO]
----------------------------------------------
[RENDERER] [synthetik-wallet] Synthetik Wallet loaded! Find it in the App Store.
==============================================

==============================================
[01/09/2026, 21:44:42] [INFO]
----------------------------------------------
[RENDERER] [GhostLink] v1.0.2 loaded
==============================================

==============================================
[01/09/2026, 21:44:42] [INFO]
----------------------------------------------
[RENDERER] [python-is-python3] Mod loaded! Run: apt-get install python-is-python3
==============================================

==============================================
[01/09/2026, 21:44:42] [INFO]
----------------------------------------------
[RENDERER] Lockchain Wallet mod loaded: websites, phone wallet, marketplace, miner, and isolated RPC registered.
==============================================

==============================================
[01/09/2026, 21:44:42] [INFO]
----------------------------------------------
[RENDERER] [Fishception] biological daemon loaded
==============================================

==============================================
[01/09/2026, 21:44:42] [INFO]
----------------------------------------------
[RENDERER] [Beginner Handbook+] Registered 109 handbook pages without title prefixes. Language: en.
==============================================

==============================================
[01/09/2026, 21:44:42] [INFO]
----------------------------------------------
[RENDERER] [vault-manager] Vault Manager loaded — password vault & sticky notes ready.
==============================================

==============================================
[01/09/2026, 21:44:42] [ERROR]
----------------------------------------------
(node:10732) [DEP0169] DeprecationWarning: `url.parse()` behavior is not standardized and prone to errors that have security implications. Use the WHATWG URL API instead. CVEs are not issued for `url.parse()` vulnerabilities.
(Use `Hackhub --trace-deprecation ...` to show where the warning was created)
==============================================

==============================================
[01/09/2026, 21:44:42] [WARN]
----------------------------------------------
[Network] POST https://gateway.hotbunny.dev/hackhub/auth/steam/challenge failed after 92ms: ERR_BAD_REQUEST Request failed with status code 429
==============================================

==============================================
[01/09/2026, 21:44:43] [WARN]
----------------------------------------------
[Network] POST https://gateway.hotbunny.dev/hackhub/auth/steam/challenge failed after 41ms: ERR_BAD_REQUEST Request failed with status code 429
==============================================

==============================================
[01/09/2026, 21:44:43] [WARN]
----------------------------------------------
[Network] POST https://gateway.hotbunny.dev/hackhub/auth/steam/challenge failed after 41ms: ERR_BAD_REQUEST Request failed with status code 429
==============================================

==============================================
[01/09/2026, 21:44:43] [WARN]
----------------------------------------------
[Network] POST https://gateway.hotbunny.dev/hackhub/auth/steam/challenge failed after 46ms: ERR_BAD_REQUEST Request failed with status code 429
==============================================

==============================================
[01/09/2026, 21:44:44] [WARN]
----------------------------------------------
[Network] POST https://gateway.hotbunny.dev/hackhub/auth/steam/challenge failed after 50ms: ERR_BAD_REQUEST Request failed with status code 429
==============================================

==============================================
[01/09/2026, 21:44:44] [WARN]
----------------------------------------------
[Network] POST https://gateway.hotbunny.dev/hackhub/auth/steam/challenge failed after 46ms: ERR_BAD_REQUEST Request failed with status code 429
==============================================

==============================================
[01/09/2026, 21:44:44] [WARN]
----------------------------------------------
[Network] GET https://gateway.hotbunny.dev/hackhub/stats failed after 43ms: ERR_BAD_REQUEST Request failed with status code 401
==============================================

==============================================
[01/09/2026, 21:44:44] [WARN]
----------------------------------------------
[Network] GET https://gateway.hotbunny.dev/hackhub/announcements?limit=10 failed after 44ms: ERR_BAD_REQUEST Request failed with status code 401
==============================================

==============================================
[01/09/2026, 21:44:44] [WARN]
----------------------------------------------
[Network] GET https://gateway.hotbunny.dev/hackhub/polls failed after 77ms: ERR_BAD_REQUEST Request failed with status code 401
==============================================

==============================================
[01/09/2026, 21:44:44] [WARN]
----------------------------------------------
[Network] GET https://gateway.hotbunny.dev/hackhub/featured-mods failed after 75ms: ERR_BAD_REQUEST Request failed with status code 401
==============================================

==============================================
[01/09/2026, 21:44:44] [WARN]
----------------------------------------------
[Network] GET https://gateway.hotbunny.dev/hackhub/pages failed after 88ms: ERR_BAD_REQUEST Request failed with status code 401
==============================================

==============================================
[01/09/2026, 21:44:44] [WARN]
----------------------------------------------
[Network] GET https://gateway.hotbunny.dev/hackhub/dlc-store/config failed after 87ms: ERR_BAD_REQUEST Request failed with status code 401
==============================================

==============================================
[01/09/2026, 21:44:44] [WARN]
----------------------------------------------
[Network] GET https://gateway.hotbunny.dev/hackhub/actions failed after 88ms: ERR_BAD_REQUEST Request failed with status code 401
==============================================

==============================================
[01/09/2026, 21:44:46] [WARN]
----------------------------------------------
[Network] POST https://gateway.hotbunny.dev/hackhub/auth/steam failed after 51ms: ERR_BAD_REQUEST Request failed with status code 429
==============================================

==============================================
[01/09/2026, 21:44:46] [WARN]
----------------------------------------------
[RENDERER] [PruneOrphanQuests] Dropping "DiagTest02" (F5tRdA7Mtb): no installed content defines it.
==============================================

==============================================
[01/09/2026, 21:44:46] [WARN]
----------------------------------------------
[Network] POST https://gateway.hotbunny.dev/hackhub/auth/steam/challenge failed after 44ms: ERR_BAD_REQUEST Request failed with status code 429
==============================================

==============================================
[01/09/2026, 21:44:47] [WARN]
----------------------------------------------
[Network] POST https://gateway.hotbunny.dev/hackhub/auth/steam/challenge failed after 44ms: ERR_BAD_REQUEST Request failed with status code 429
==============================================

==============================================
[01/09/2026, 21:44:47] [WARN]
----------------------------------------------
[Network] GET https://gateway.hotbunny.dev/hackhub/player-notifications?limit=50 failed after 44ms: ERR_BAD_REQUEST Request failed with status code 401
==============================================

==============================================
[01/09/2026, 21:44:47] [WARN]
----------------------------------------------
[Network] GET https://gateway.hotbunny.dev/hackhub/player-notifications?limit=50 failed after 52ms: ERR_BAD_REQUEST Request failed with status code 401
==============================================

==============================================
[01/09/2026, 21:44:52] [WARN]
----------------------------------------------
[RENDERER] Deprecation warning: value provided is not in a recognized RFC2822 or ISO format. moment construction falls back to js Date(), which is not reliable across all browsers and versions. Non RFC2822/ISO date formats are discouraged. Please refer to http://momentjs.com/guides/#/warnings/js-date/ for more info.
Arguments: 
[0] _isAMomentObject: true, _isUTC: false, _useUTC: false, _l: undefined, _i: Tue Sep 01 2026 17:43:30 GMT+0200 (Central European Summer Time), _f: undefined, _strict: undefined, _locale: [object Object]
Error
    at O.createFromInputFallback (file:///S:/SteamLibrary/steamapps/common/Hackhub/resources/app.asar/dist/assets/utils.js:9:3)
    at zm (file:///S:/SteamLibrary/steamapps/common/Hackhub/resources/app.asar/dist/assets/utils.js:9:25839)
    at Xm (file:///S:/SteamLibrary/steamapps/common/Hackhub/resources/app.asar/dist/assets/utils.js:9:29577)
    at qo (file:///S:/SteamLibrary/steamapps/common/Hackhub/resources/app.asar/dist/assets/utils.js:9:29441)
    at Jm (file:///S:/SteamLibrary/steamapps/common/Hackhub/resources/app.asar/dist/assets/utils.js:9:29155)
    at Ko (file:///S:/SteamLibrary/steamapps/common/Hackhub/resources/app.asar/dist/assets/utils.js:9:29944)
    at ne (file:///S:/SteamLibrary/steamapps/common/Hackhub/resources/app.asar/dist/assets/utils.js:9:29978)
    at O (file:///S:/SteamLibrary/steamapps/common/Hackhub/resources/app.asar/dist/assets/utils.js:6:31)
    at FSe (file:///S:/SteamLibrary/steamapps/common/Hackhub/resources/app.asar/dist/assets/index.js:166770:102594)
    at mo (file:///S:/SteamLibrary/steamapps/common/Hackhub/resources/app.asar/dist/assets/vendor.js:30:16959)
    at Wa (file:///S:/SteamLibrary/steamapps/common/Hackhub/resources/app.asar/dist/assets/vendor.js:32:43694)
    at Va (file:///S:/SteamLibrary/steamapps/common/Hackhub/resources/app.asar/dist/assets/vendor.js:32:39499)
    at ud (file:///S:/SteamLibrary/steamapps/common/Hackhub/resources/app.asar/dist/assets/vendor.js:32:39430)
    at Zr (file:///S:/SteamLibrary/steamapps/common/Hackhub/resources/app.asar/dist/assets/vendor.js:32:39289)
    at Ua (file:///S:/SteamLibrary/steamapps/common/Hackhub/resources/app.asar/dist/assets/vendor.js:32:34440)
    at E (file:///S:/SteamLibrary/steamapps/common/Hackhub/resources/app.asar/dist/assets/vendor.js:17:1562)
    at MessagePort.un (file:///S:/SteamLibrary/steamapps/common/Hackhub/resources/app.asar/dist/assets/vendor.js:17:1930)
==============================================

==============================================
[01/09/2026, 21:44:57] [ERROR]
----------------------------------------------
[RENDERER] TypeError: Cannot read properties of undefined (reading 'toLowerCase')
TypeError: Cannot read properties of undefined (reading 'toLowerCase')
    at file:///S:/SteamLibrary/steamapps/common/Hackhub/resources/app.asar/dist/assets/index.js:166770:130685
    at Array.filter (<anonymous>)
    at file:///S:/SteamLibrary/steamapps/common/Hackhub/resources/app.asar/dist/assets/index.js:166770:130631
    at Object.useMemo (file:///S:/SteamLibrary/steamapps/common/Hackhub/resources/app.asar/dist/assets/vendor.js:30:23228)
    at T.useMemo (file:///S:/SteamLibrary/steamapps/common/Hackhub/resources/app.asar/dist/assets/vendor.js:9:6193)
    at ahl (file:///S:/SteamLibrary/steamapps/common/Hackhub/resources/app.asar/dist/assets/index.js:166770:130615)
    at mo (file:///S:/SteamLibrary/steamapps/common/Hackhub/resources/app.asar/dist/assets/vendor.js:30:16959)
    at Wa (file:///S:/SteamLibrary/steamapps/common/Hackhub/resources/app.asar/dist/assets/vendor.js:32:43694)
    at Va (file:///S:/SteamLibrary/steamapps/common/Hackhub/resources/app.asar/dist/assets/vendor.js:32:39499)
    at ud (file:///S:/SteamLibrary/steamapps/common/Hackhub/resources/app.asar/dist/assets/vendor.js:32:39430)
    at Zr (file:///S:/SteamLibrary/steamapps/common/Hackhub/resources/app.asar/dist/assets/vendor.js:32:39289)
    at Ou (file:///S:/SteamLibrary/steamapps/common/Hackhub/resources/app.asar/dist/assets/vendor.js:32:35710)
    at Ua (file:///S:/SteamLibrary/steamapps/common/Hackhub/resources/app.asar/dist/assets/vendor.js:32:34666)
    at E (file:///S:/SteamLibrary/steamapps/common/Hackhub/resources/app.asar/dist/assets/vendor.js:17:1562)
    at MessagePort.un (file:///S:/SteamLibrary/steamapps/common/Hackhub/resources/app.asar/dist/assets/vendor.js:17:1930)
==============================================

==============================================
  APPLICATION CLOSING
  Time: 01/09/2026, 21:44:58
==============================================

==============================================
  HACKHUB LOG FILE
  Started: 01/09/2026, 21:46:45
  Version: 1.1.2
  Platform: win32
  Arch: x64
==============================================


==============================================
[01/09/2026, 21:46:46] [INFO]
----------------------------------------------
Steamworks initalized: Zeis [ZF] - 76561197976480835
==============================================

==============================================
[01/09/2026, 21:46:46] [INFO]
----------------------------------------------
[WorkshopController] initialized with appId: 2980270
==============================================

==============================================
[01/09/2026, 21:46:46] [INFO]
----------------------------------------------
[RENDERER] [Markdown Note Editor] Mod loaded.
==============================================

==============================================
[01/09/2026, 21:46:46] [INFO]
----------------------------------------------
[RENDERER] [nemesis-protocol-stage1] Nemesis Protocol loaded. The mission is waiting in the HackHub feed.
==============================================

==============================================
[01/09/2026, 21:46:46] [INFO]
----------------------------------------------
[RENDERER] Custom Browser mod loaded with ordered categories!
==============================================

==============================================
[01/09/2026, 21:46:46] [INFO]
----------------------------------------------
[RENDERER] RetroArcade v1.0.0 loaded!
==============================================

==============================================
[01/09/2026, 21:46:46] [INFO]
----------------------------------------------
[RENDERER] [darknet-tree] Darknet-Tree loaded! Check the App Store for NotePad.
==============================================

==============================================
[01/09/2026, 21:46:46] [INFO]
----------------------------------------------
[RENDERER] [synthetik-wallet] Synthetik Wallet loaded! Find it in the App Store.
==============================================

==============================================
[01/09/2026, 21:46:46] [INFO]
----------------------------------------------
[RENDERER] [GhostLink] v1.0.2 loaded
==============================================

==============================================
[01/09/2026, 21:46:46] [INFO]
----------------------------------------------
[RENDERER] [python-is-python3] Mod loaded! Run: apt-get install python-is-python3
==============================================

==============================================
[01/09/2026, 21:46:46] [INFO]
----------------------------------------------
[RENDERER] Lockchain Wallet mod loaded: websites, phone wallet, marketplace, miner, and isolated RPC registered.
==============================================

==============================================
[01/09/2026, 21:46:46] [INFO]
----------------------------------------------
[RENDERER] [Fishception] biological daemon loaded
==============================================

==============================================
[01/09/2026, 21:46:46] [INFO]
----------------------------------------------
[RENDERER] [Beginner Handbook+] Registered 109 handbook pages without title prefixes. Language: en.
==============================================

==============================================
[01/09/2026, 21:46:46] [INFO]
----------------------------------------------
[RENDERER] [vault-manager] Vault Manager loaded — password vault & sticky notes ready.
==============================================

==============================================
[01/09/2026, 21:46:47] [ERROR]
----------------------------------------------
(node:36836) [DEP0169] DeprecationWarning: `url.parse()` behavior is not standardized and prone to errors that have security implications. Use the WHATWG URL API instead. CVEs are not issued for `url.parse()` vulnerabilities.
(Use `Hackhub --trace-deprecation ...` to show where the warning was created)
==============================================

==============================================
[01/09/2026, 21:46:47] [WARN]
----------------------------------------------
[Network] POST https://gateway.hotbunny.dev/hackhub/auth/steam/challenge failed after 120ms: ERR_BAD_REQUEST Request failed with status code 429
==============================================

==============================================
[01/09/2026, 21:46:47] [WARN]
----------------------------------------------
[Network] POST https://gateway.hotbunny.dev/hackhub/auth/steam/challenge failed after 40ms: ERR_BAD_REQUEST Request failed with status code 429
==============================================

==============================================
[01/09/2026, 21:46:49] [WARN]
----------------------------------------------
[Network] POST https://gateway.hotbunny.dev/hackhub/auth/steam failed after 50ms: ERR_BAD_REQUEST Request failed with status code 429
==============================================

==============================================
[01/09/2026, 21:49:51] [WARN]
----------------------------------------------
[RENDERER] Deprecation warning: value provided is not in a recognized RFC2822 or ISO format. moment construction falls back to js Date(), which is not reliable across all browsers and versions. Non RFC2822/ISO date formats are discouraged. Please refer to http://momentjs.com/guides/#/warnings/js-date/ for more info.
Arguments: 
[0] _isAMomentObject: true, _isUTC: false, _useUTC: false, _l: undefined, _i: Tue Sep 01 2026 21:46:46 GMT+0200 (Central European Summer Time), _f: undefined, _strict: undefined, _locale: [object Object]
Error
    at O.createFromInputFallback (file:///S:/SteamLibrary/steamapps/common/Hackhub/resources/app.asar/dist/assets/utils.js:9:3)
    at zm (file:///S:/SteamLibrary/steamapps/common/Hackhub/resources/app.asar/dist/assets/utils.js:9:25839)
    at Xm (file:///S:/SteamLibrary/steamapps/common/Hackhub/resources/app.asar/dist/assets/utils.js:9:29577)
    at qo (file:///S:/SteamLibrary/steamapps/common/Hackhub/resources/app.asar/dist/assets/utils.js:9:29441)
    at Jm (file:///S:/SteamLibrary/steamapps/common/Hackhub/resources/app.asar/dist/assets/utils.js:9:29155)
    at Ko (file:///S:/SteamLibrary/steamapps/common/Hackhub/resources/app.asar/dist/assets/utils.js:9:29944)
    at ne (file:///S:/SteamLibrary/steamapps/common/Hackhub/resources/app.asar/dist/assets/utils.js:9:29978)
    at O (file:///S:/SteamLibrary/steamapps/common/Hackhub/resources/app.asar/dist/assets/utils.js:6:31)
    at file:///S:/SteamLibrary/steamapps/common/Hackhub/resources/app.asar/dist/assets/sharedbundle18.js:17:45881
    at Array.map (<anonymous>)
    at Cv (file:///S:/SteamLibrary/steamapps/common/Hackhub/resources/app.asar/dist/assets/sharedbundle18.js:17:45433)
    at mo (file:///S:/SteamLibrary/steamapps/common/Hackhub/resources/app.asar/dist/assets/vendor.js:30:16959)
    at Wa (file:///S:/SteamLibrary/steamapps/common/Hackhub/resources/app.asar/dist/assets/vendor.js:32:43694)
    at Va (file:///S:/SteamLibrary/steamapps/common/Hackhub/resources/app.asar/dist/assets/vendor.js:32:39499)
    at ud (file:///S:/SteamLibrary/steamapps/common/Hackhub/resources/app.asar/dist/assets/vendor.js:32:39430)
    at Zr (file:///S:/SteamLibrary/steamapps/common/Hackhub/resources/app.asar/dist/assets/vendor.js:32:39289)
    at Ii (file:///S:/SteamLibrary/steamapps/common/Hackhub/resources/app.asar/dist/assets/vendor.js:32:36456)
    at pt (file:///S:/SteamLibrary/steamapps/common/Hackhub/resources/app.asar/dist/assets/vendor.js:30:3258)
    at file:///S:/SteamLibrary/steamapps/common/Hackhub/resources/app.asar/dist/assets/vendor.js:32:34060
==============================================

==============================================
[01/09/2026, 21:50:06] [WARN]
----------------------------------------------
[RENDERER] [CompleteObjective] Objective "turn_on_cellular" already completed (in-memory) for quest RfS0C1MbiH
==============================================

==============================================
[01/09/2026, 21:50:29] [WARN]
----------------------------------------------
[RENDERER] [CompleteObjective] Objective "turn_on_hotspot" already completed (in-memory) for quest RfS0C1MbiH
==============================================

==============================================
[01/09/2026, 21:50:51] [WARN]
----------------------------------------------
[RENDERER] [CompleteObjective] Objective "install_bettercap" already completed (in-memory) for quest kxlGOJPvY2
==============================================

==============================================
[01/09/2026, 21:50:56] [WARN]
----------------------------------------------
[RENDERER] [CompleteObjective] Objective "install_bettercap" already completed (in-memory) for quest kxlGOJPvY2
==============================================

==============================================
[01/09/2026, 21:51:04] [WARN]
----------------------------------------------
[RENDERER] [CompleteObjective] Objective "install_hashcat" locked by unlocksAfter; queued as pending for quest kxlGOJPvY2
==============================================

==============================================
[01/09/2026, 21:51:04] [WARN]
----------------------------------------------
[RENDERER] [CompleteObjective] Objective "install_bettercap" already completed (in-memory) for quest kxlGOJPvY2
==============================================

==============================================
[01/09/2026, 21:51:04] [WARN]
----------------------------------------------
[RENDERER] [CompleteObjective] Objective "install_hashcat" locked by unlocksAfter; queued as pending for quest kxlGOJPvY2
==============================================

==============================================
[01/09/2026, 21:51:06] [WARN]
----------------------------------------------
[RENDERER] [CompleteObjective] Objective "install_bettercap" already completed (in-memory) for quest kxlGOJPvY2
==============================================

==============================================
[01/09/2026, 21:51:06] [WARN]
----------------------------------------------
[RENDERER] [CompleteObjective] Objective "install_hashcat" locked by unlocksAfter; queued as pending for quest kxlGOJPvY2
==============================================

==============================================
[01/09/2026, 21:51:09] [WARN]
----------------------------------------------
[RENDERER] [CompleteObjective] Objective "install_bettercap" already completed (in-memory) for quest kxlGOJPvY2
==============================================

==============================================
[01/09/2026, 21:51:09] [WARN]
----------------------------------------------
[RENDERER] [CompleteObjective] Objective "install_hashcat" locked by unlocksAfter; queued as pending for quest kxlGOJPvY2
==============================================

==============================================
[01/09/2026, 21:51:11] [WARN]
----------------------------------------------
[RENDERER] [CompleteObjective] Objective "install_bettercap" already completed (in-memory) for quest kxlGOJPvY2
==============================================

==============================================
[01/09/2026, 21:51:11] [WARN]
----------------------------------------------
[RENDERER] [CompleteObjective] Objective "install_hashcat" locked by unlocksAfter; queued as pending for quest kxlGOJPvY2
==============================================

==============================================
[01/09/2026, 21:51:15] [WARN]
----------------------------------------------
[RENDERER] [CompleteObjective] Objective "install_bettercap" already completed (in-memory) for quest kxlGOJPvY2
==============================================

==============================================
[01/09/2026, 21:51:15] [WARN]
----------------------------------------------
[RENDERER] [CompleteObjective] Objective "install_hashcat" locked by unlocksAfter; queued as pending for quest kxlGOJPvY2
==============================================

==============================================
[01/09/2026, 21:51:18] [WARN]
----------------------------------------------
[RENDERER] [CompleteObjective] Objective "install_bettercap" already completed (in-memory) for quest kxlGOJPvY2
==============================================

==============================================
[01/09/2026, 21:51:18] [WARN]
----------------------------------------------
[RENDERER] [CompleteObjective] Objective "install_hashcat" locked by unlocksAfter; queued as pending for quest kxlGOJPvY2
==============================================

==============================================
[01/09/2026, 21:51:31] [WARN]
----------------------------------------------
[RENDERER] [CompleteObjective] Objective "install_bettercap" already completed (in-memory) for quest kxlGOJPvY2
==============================================

==============================================
[01/09/2026, 21:51:31] [WARN]
----------------------------------------------
[RENDERER] [CompleteObjective] Objective "install_hashcat" locked by unlocksAfter; queued as pending for quest kxlGOJPvY2
==============================================

==============================================
[01/09/2026, 21:51:38] [WARN]
----------------------------------------------
[RENDERER] [CompleteObjective] Objective "install_bettercap" already completed (in-memory) for quest kxlGOJPvY2
==============================================

==============================================
[01/09/2026, 21:51:38] [WARN]
----------------------------------------------
[RENDERER] [CompleteObjective] Objective "install_hashcat" locked by unlocksAfter; queued as pending for quest kxlGOJPvY2
==============================================

==============================================
[01/09/2026, 21:51:52] [WARN]
----------------------------------------------
[RENDERER] [CompleteObjective] Objective "install_bettercap" already completed (in-memory) for quest kxlGOJPvY2
==============================================

==============================================
[01/09/2026, 21:51:52] [WARN]
----------------------------------------------
[RENDERER] [CompleteObjective] Objective "install_hashcat" locked by unlocksAfter; queued as pending for quest kxlGOJPvY2
==============================================

==============================================
[01/09/2026, 21:51:53] [WARN]
----------------------------------------------
[RENDERER] [CompleteObjective] Objective "install_bettercap" already completed (in-memory) for quest kxlGOJPvY2
==============================================

==============================================
[01/09/2026, 21:51:53] [WARN]
----------------------------------------------
[RENDERER] [CompleteObjective] Objective "install_hashcat" already completed (in-memory) for quest kxlGOJPvY2
==============================================

==============================================
[01/09/2026, 21:51:57] [WARN]
----------------------------------------------
[RENDERER] [CompleteObjective] Objective "install_bettercap" already completed (in-memory) for quest kxlGOJPvY2
==============================================

==============================================
[01/09/2026, 21:51:57] [WARN]
----------------------------------------------
[RENDERER] [CompleteObjective] Objective "install_hashcat" already completed (in-memory) for quest kxlGOJPvY2
==============================================

==============================================
[01/09/2026, 21:52:05] [WARN]
----------------------------------------------
[RENDERER] [CompleteObjective] Objective "install_bettercap" already completed (in-memory) for quest kxlGOJPvY2
==============================================

==============================================
[01/09/2026, 21:52:05] [WARN]
----------------------------------------------
[RENDERER] [CompleteObjective] Objective "install_hashcat" already completed (in-memory) for quest kxlGOJPvY2
==============================================

==============================================
[01/09/2026, 21:52:09] [WARN]
----------------------------------------------
[RENDERER] [CompleteObjective] Objective "install_bettercap" already completed (in-memory) for quest kxlGOJPvY2
==============================================

==============================================
[01/09/2026, 21:52:09] [WARN]
----------------------------------------------
[RENDERER] [CompleteObjective] Objective "install_hashcat" already completed (in-memory) for quest kxlGOJPvY2
==============================================

==============================================
[01/09/2026, 21:52:09] [WARN]
----------------------------------------------
[RENDERER] [CompleteObjective] Objective "install_bettercap" already completed (in-memory) for quest kxlGOJPvY2
==============================================

==============================================
[01/09/2026, 21:52:09] [WARN]
----------------------------------------------
[RENDERER] [CompleteObjective] Objective "install_hashcat" already completed (in-memory) for quest kxlGOJPvY2
==============================================

==============================================
[01/09/2026, 21:52:46] [WARN]
----------------------------------------------
[RENDERER] [CompleteObjective] Objective "open_phone" already completed (in-memory) for quest RfS0C1MbiH
==============================================

==============================================
[01/09/2026, 21:53:02] [WARN]
----------------------------------------------
[RENDERER] [CompleteObjective] Objective "install_bettercap" already completed (in-memory) for quest kxlGOJPvY2
==============================================

==============================================
[01/09/2026, 21:53:02] [WARN]
----------------------------------------------
[RENDERER] [CompleteObjective] Objective "install_hashcat" already completed (in-memory) for quest kxlGOJPvY2
==============================================

==============================================
[01/09/2026, 21:54:47] [WARN]
----------------------------------------------
[Network] POST https://gateway.hotbunny.dev/hackhub/auth/steam failed after 42ms: ERR_BAD_REQUEST Request failed with status code 429
==============================================

==============================================
  APPLICATION CLOSING
  Time: 01/09/2026, 21:54:51
==============================================

==============================================
  HACKHUB LOG FILE
  Started: 01/09/2026, 21:55:26
  Version: 1.1.2
  Platform: win32
  Arch: x64
==============================================


==============================================
[01/09/2026, 21:55:26] [INFO]
----------------------------------------------
Steamworks initalized: Zeis [ZF] - 76561197976480835
==============================================

==============================================
[01/09/2026, 21:55:26] [INFO]
----------------------------------------------
[WorkshopController] initialized with appId: 2980270
==============================================

==============================================
[01/09/2026, 21:55:27] [INFO]
----------------------------------------------
[RENDERER] [Markdown Note Editor] Mod loaded.
==============================================

==============================================
[01/09/2026, 21:55:27] [INFO]
----------------------------------------------
[RENDERER] [nemesis-protocol-stage1] Nemesis Protocol loaded. The mission is waiting in the HackHub feed.
==============================================

==============================================
[01/09/2026, 21:55:27] [INFO]
----------------------------------------------
[RENDERER] Custom Browser mod loaded with ordered categories!
==============================================

==============================================
[01/09/2026, 21:55:27] [INFO]
----------------------------------------------
[RENDERER] RetroArcade v1.0.0 loaded!
==============================================

==============================================
[01/09/2026, 21:55:27] [INFO]
----------------------------------------------
[RENDERER] [darknet-tree] Darknet-Tree loaded! Check the App Store for NotePad.
==============================================

==============================================
[01/09/2026, 21:55:27] [INFO]
----------------------------------------------
[RENDERER] [synthetik-wallet] Synthetik Wallet loaded! Find it in the App Store.
==============================================

==============================================
[01/09/2026, 21:55:27] [INFO]
----------------------------------------------
[RENDERER] [GhostLink] v1.0.2 loaded
==============================================

==============================================
[01/09/2026, 21:55:27] [INFO]
----------------------------------------------
[RENDERER] [python-is-python3] Mod loaded! Run: apt-get install python-is-python3
==============================================

==============================================
[01/09/2026, 21:55:27] [INFO]
----------------------------------------------
[RENDERER] Lockchain Wallet mod loaded: websites, phone wallet, marketplace, miner, and isolated RPC registered.
==============================================

==============================================
[01/09/2026, 21:55:27] [INFO]
----------------------------------------------
[RENDERER] [Fishception] biological daemon loaded
==============================================

==============================================
[01/09/2026, 21:55:27] [INFO]
----------------------------------------------
[RENDERER] [Beginner Handbook+] Registered 109 handbook pages without title prefixes. Language: en.
==============================================

==============================================
[01/09/2026, 21:55:27] [INFO]
----------------------------------------------
[RENDERER] [vault-manager] Vault Manager loaded — password vault & sticky notes ready.
==============================================

==============================================
[01/09/2026, 21:55:27] [ERROR]
----------------------------------------------
(node:15560) [DEP0169] DeprecationWarning: `url.parse()` behavior is not standardized and prone to errors that have security implications. Use the WHATWG URL API instead. CVEs are not issued for `url.parse()` vulnerabilities.
(Use `Hackhub --trace-deprecation ...` to show where the warning was created)
==============================================

==============================================
[01/09/2026, 21:55:29] [WARN]
----------------------------------------------
[Network] POST https://gateway.hotbunny.dev/hackhub/auth/steam failed after 42ms: ERR_BAD_REQUEST Request failed with status code 429
==============================================

==============================================
[01/09/2026, 21:55:29] [WARN]
----------------------------------------------
[Network] POST https://gateway.hotbunny.dev/hackhub/auth/steam/challenge failed after 41ms: ERR_BAD_REQUEST Request failed with status code 429
==============================================

==============================================
[01/09/2026, 21:55:30] [WARN]
----------------------------------------------
[Network] POST https://gateway.hotbunny.dev/hackhub/auth/steam/challenge failed after 39ms: ERR_BAD_REQUEST Request failed with status code 429
==============================================

==============================================
[01/09/2026, 21:55:30] [WARN]
----------------------------------------------
[Network] POST https://gateway.hotbunny.dev/hackhub/auth/steam/challenge failed after 39ms: ERR_BAD_REQUEST Request failed with status code 429
==============================================

==============================================
[01/09/2026, 21:55:30] [WARN]
----------------------------------------------
[Network] POST https://gateway.hotbunny.dev/hackhub/auth/steam/challenge failed after 41ms: ERR_BAD_REQUEST Request failed with status code 429
==============================================

==============================================
[01/09/2026, 21:55:31] [WARN]
----------------------------------------------
[Network] POST https://gateway.hotbunny.dev/hackhub/auth/steam/challenge failed after 40ms: ERR_BAD_REQUEST Request failed with status code 429
==============================================

==============================================
[01/09/2026, 21:55:31] [WARN]
----------------------------------------------
[Network] GET https://gateway.hotbunny.dev/hackhub/announcements?limit=10 failed after 43ms: ERR_BAD_REQUEST Request failed with status code 401
==============================================

==============================================
[01/09/2026, 21:55:31] [WARN]
----------------------------------------------
[Network] GET https://gateway.hotbunny.dev/hackhub/stats failed after 44ms: ERR_BAD_REQUEST Request failed with status code 401
==============================================

==============================================
[01/09/2026, 21:55:31] [WARN]
----------------------------------------------
[Network] GET https://gateway.hotbunny.dev/hackhub/actions failed after 76ms: ERR_BAD_REQUEST Request failed with status code 401
==============================================

==============================================
[01/09/2026, 21:55:31] [WARN]
----------------------------------------------
[Network] GET https://gateway.hotbunny.dev/hackhub/pages failed after 82ms: ERR_BAD_REQUEST Request failed with status code 401
==============================================

==============================================
[01/09/2026, 21:55:31] [WARN]
----------------------------------------------
[Network] GET https://gateway.hotbunny.dev/hackhub/polls failed after 84ms: ERR_BAD_REQUEST Request failed with status code 401
==============================================

==============================================
[01/09/2026, 21:55:31] [WARN]
----------------------------------------------
[Network] GET https://gateway.hotbunny.dev/hackhub/dlc-store/config failed after 81ms: ERR_BAD_REQUEST Request failed with status code 401
==============================================

==============================================
[01/09/2026, 21:55:31] [WARN]
----------------------------------------------
[Network] GET https://gateway.hotbunny.dev/hackhub/featured-mods failed after 86ms: ERR_BAD_REQUEST Request failed with status code 401
==============================================

==============================================
[01/09/2026, 21:55:31] [WARN]
----------------------------------------------
[Network] POST https://gateway.hotbunny.dev/hackhub/auth/steam/challenge failed after 39ms: ERR_BAD_REQUEST Request failed with status code 429
==============================================

==============================================
[01/09/2026, 21:55:33] [WARN]
----------------------------------------------
[Network] POST https://gateway.hotbunny.dev/hackhub/auth/steam failed after 47ms: ERR_BAD_REQUEST Request failed with status code 429
==============================================

==============================================
[01/09/2026, 21:55:34] [WARN]
----------------------------------------------
[Network] POST https://gateway.hotbunny.dev/hackhub/auth/steam failed after 42ms: ERR_BAD_REQUEST Request failed with status code 429
==============================================

==============================================
[01/09/2026, 21:55:34] [WARN]
----------------------------------------------
[Network] GET https://gateway.hotbunny.dev/hackhub/player-notifications?limit=50 failed after 40ms: ERR_BAD_REQUEST Request failed with status code 401
==============================================

==============================================
[01/09/2026, 21:55:34] [WARN]
----------------------------------------------
[Network] GET https://gateway.hotbunny.dev/hackhub/player-notifications?limit=50 failed after 47ms: ERR_BAD_REQUEST Request failed with status code 401
==============================================

==============================================
[01/09/2026, 21:55:38] [WARN]
----------------------------------------------
[Network] POST https://gateway.hotbunny.dev/hackhub/auth/steam failed after 48ms: ERR_BAD_REQUEST Request failed with status code 429
==============================================

==============================================
[01/09/2026, 21:55:38] [WARN]
----------------------------------------------
[RENDERER] [CompleteObjective] Objective "open_email" already completed (in-memory) for quest kbRL9HAYq3
==============================================

==============================================
[01/09/2026, 21:55:39] [WARN]
----------------------------------------------
[Network] POST https://gateway.hotbunny.dev/hackhub/auth/steam failed after 44ms: ERR_BAD_REQUEST Request failed with status code 429
==============================================

==============================================
[01/09/2026, 21:55:40] [WARN]
----------------------------------------------
[Network] POST https://gateway.hotbunny.dev/hackhub/auth/steam/challenge failed after 60ms: ERR_BAD_REQUEST Request failed with status code 429
==============================================

==============================================
[01/09/2026, 21:55:40] [WARN]
----------------------------------------------
[Network] GET https://gateway.hotbunny.dev/hackhub/player-notifications?limit=50 failed after 42ms: ERR_BAD_REQUEST Request failed with status code 401
==============================================

==============================================
[01/09/2026, 21:55:50] [WARN]
----------------------------------------------
[RENDERER] Deprecation warning: value provided is not in a recognized RFC2822 or ISO format. moment construction falls back to js Date(), which is not reliable across all browsers and versions. Non RFC2822/ISO date formats are discouraged. Please refer to http://momentjs.com/guides/#/warnings/js-date/ for more info.
Arguments: 
[0] _isAMomentObject: true, _isUTC: false, _useUTC: false, _l: undefined, _i: Tue Sep 01 2026, _f: undefined, _strict: undefined, _locale: [object Object]
Error
    at O.createFromInputFallback (file:///S:/SteamLibrary/steamapps/common/Hackhub/resources/app.asar/dist/assets/utils.js:9:3)
    at zm (file:///S:/SteamLibrary/steamapps/common/Hackhub/resources/app.asar/dist/assets/utils.js:9:25839)
    at Xm (file:///S:/SteamLibrary/steamapps/common/Hackhub/resources/app.asar/dist/assets/utils.js:9:29577)
    at qo (file:///S:/SteamLibrary/steamapps/common/Hackhub/resources/app.asar/dist/assets/utils.js:9:29441)
    at Jm (file:///S:/SteamLibrary/steamapps/common/Hackhub/resources/app.asar/dist/assets/utils.js:9:29155)
    at Ko (file:///S:/SteamLibrary/steamapps/common/Hackhub/resources/app.asar/dist/assets/utils.js:9:29944)
    at ne (file:///S:/SteamLibrary/steamapps/common/Hackhub/resources/app.asar/dist/assets/utils.js:9:29978)
    at O (file:///S:/SteamLibrary/steamapps/common/Hackhub/resources/app.asar/dist/assets/utils.js:6:31)
    at FSe (file:///S:/SteamLibrary/steamapps/common/Hackhub/resources/app.asar/dist/assets/index.js:166770:102594)
    at mo (file:///S:/SteamLibrary/steamapps/common/Hackhub/resources/app.asar/dist/assets/vendor.js:30:16959)
    at Wa (file:///S:/SteamLibrary/steamapps/common/Hackhub/resources/app.asar/dist/assets/vendor.js:32:43694)
    at Va (file:///S:/SteamLibrary/steamapps/common/Hackhub/resources/app.asar/dist/assets/vendor.js:32:39499)
    at ud (file:///S:/SteamLibrary/steamapps/common/Hackhub/resources/app.asar/dist/assets/vendor.js:32:39430)
    at Zr (file:///S:/SteamLibrary/steamapps/common/Hackhub/resources/app.asar/dist/assets/vendor.js:32:39289)
    at Ua (file:///S:/SteamLibrary/steamapps/common/Hackhub/resources/app.asar/dist/assets/vendor.js:32:34440)
    at E (file:///S:/SteamLibrary/steamapps/common/Hackhub/resources/app.asar/dist/assets/vendor.js:17:1562)
    at MessagePort.un (file:///S:/SteamLibrary/steamapps/common/Hackhub/resources/app.asar/dist/assets/vendor.js:17:1930)
==============================================

==============================================
[01/09/2026, 21:55:55] [ERROR]
----------------------------------------------
[RENDERER] TypeError: Cannot read properties of undefined (reading 'toLowerCase')
TypeError: Cannot read properties of undefined (reading 'toLowerCase')
    at file:///S:/SteamLibrary/steamapps/common/Hackhub/resources/app.asar/dist/assets/index.js:166770:130685
    at Array.filter (<anonymous>)
    at file:///S:/SteamLibrary/steamapps/common/Hackhub/resources/app.asar/dist/assets/index.js:166770:130631
    at Object.useMemo (file:///S:/SteamLibrary/steamapps/common/Hackhub/resources/app.asar/dist/assets/vendor.js:30:23228)
    at T.useMemo (file:///S:/SteamLibrary/steamapps/common/Hackhub/resources/app.asar/dist/assets/vendor.js:9:6193)
    at ahl (file:///S:/SteamLibrary/steamapps/common/Hackhub/resources/app.asar/dist/assets/index.js:166770:130615)
    at mo (file:///S:/SteamLibrary/steamapps/common/Hackhub/resources/app.asar/dist/assets/vendor.js:30:16959)
    at Wa (file:///S:/SteamLibrary/steamapps/common/Hackhub/resources/app.asar/dist/assets/vendor.js:32:43694)
    at Va (file:///S:/SteamLibrary/steamapps/common/Hackhub/resources/app.asar/dist/assets/vendor.js:32:39499)
    at ud (file:///S:/SteamLibrary/steamapps/common/Hackhub/resources/app.asar/dist/assets/vendor.js:32:39430)
    at Zr (file:///S:/SteamLibrary/steamapps/common/Hackhub/resources/app.asar/dist/assets/vendor.js:32:39289)
    at Ou (file:///S:/SteamLibrary/steamapps/common/Hackhub/resources/app.asar/dist/assets/vendor.js:32:35710)
    at Ua (file:///S:/SteamLibrary/steamapps/common/Hackhub/resources/app.asar/dist/assets/vendor.js:32:34666)
    at E (file:///S:/SteamLibrary/steamapps/common/Hackhub/resources/app.asar/dist/assets/vendor.js:17:1562)
    at MessagePort.un (file:///S:/SteamLibrary/steamapps/common/Hackhub/resources/app.asar/dist/assets/vendor.js:17:1930)
==============================================

==============================================
  APPLICATION CLOSING
  Time: 01/09/2026, 21:55:57
==============================================

==============================================
  HACKHUB LOG FILE
  Started: 01/09/2026, 21:59:39
  Version: 1.1.2
  Platform: win32
  Arch: x64
==============================================


==============================================
[01/09/2026, 21:59:39] [INFO]
----------------------------------------------
Steamworks initalized: Zeis [ZF] - 76561197976480835
==============================================

==============================================
[01/09/2026, 21:59:39] [INFO]
----------------------------------------------
[WorkshopController] initialized with appId: 2980270
==============================================

==============================================
[01/09/2026, 21:59:40] [INFO]
----------------------------------------------
[RENDERER] [Markdown Note Editor] Mod loaded.
==============================================

==============================================
[01/09/2026, 21:59:40] [INFO]
----------------------------------------------
[RENDERER] [nemesis-protocol-stage1] Nemesis Protocol loaded. The mission is waiting in the HackHub feed.
==============================================

==============================================
[01/09/2026, 21:59:40] [INFO]
----------------------------------------------
[RENDERER] Custom Browser mod loaded with ordered categories!
==============================================

==============================================
[01/09/2026, 21:59:40] [INFO]
----------------------------------------------
[RENDERER] RetroArcade v1.0.0 loaded!
==============================================

==============================================
[01/09/2026, 21:59:40] [INFO]
----------------------------------------------
[RENDERER] [darknet-tree] Darknet-Tree loaded! Check the App Store for NotePad.
==============================================

==============================================
[01/09/2026, 21:59:40] [INFO]
----------------------------------------------
[RENDERER] [synthetik-wallet] Synthetik Wallet loaded! Find it in the App Store.
==============================================

==============================================
[01/09/2026, 21:59:40] [INFO]
----------------------------------------------
[RENDERER] [GhostLink] v1.0.2 loaded
==============================================

==============================================
[01/09/2026, 21:59:40] [INFO]
----------------------------------------------
[RENDERER] [python-is-python3] Mod loaded! Run: apt-get install python-is-python3
==============================================

==============================================
[01/09/2026, 21:59:40] [INFO]
----------------------------------------------
[RENDERER] Lockchain Wallet mod loaded: websites, phone wallet, marketplace, miner, and isolated RPC registered.
==============================================

==============================================
[01/09/2026, 21:59:40] [INFO]
----------------------------------------------
[RENDERER] [Fishception] biological daemon loaded
==============================================

==============================================
[01/09/2026, 21:59:40] [INFO]
----------------------------------------------
[RENDERER] [Beginner Handbook+] Registered 109 handbook pages without title prefixes. Language: en.
==============================================

==============================================
[01/09/2026, 21:59:40] [INFO]
----------------------------------------------
[RENDERER] [vault-manager] Vault Manager loaded — password vault & sticky notes ready.
==============================================

==============================================
[01/09/2026, 21:59:40] [ERROR]
----------------------------------------------
(node:11764) [DEP0169] DeprecationWarning: `url.parse()` behavior is not standardized and prone to errors that have security implications. Use the WHATWG URL API instead. CVEs are not issued for `url.parse()` vulnerabilities.
(Use `Hackhub --trace-deprecation ...` to show where the warning was created)
==============================================

==============================================
[01/09/2026, 21:59:40] [WARN]
----------------------------------------------
[Network] POST https://gateway.hotbunny.dev/hackhub/auth/steam/challenge failed after 146ms: ERR_BAD_REQUEST Request failed with status code 429
==============================================

==============================================
[01/09/2026, 21:59:41] [WARN]
----------------------------------------------
[Network] POST https://gateway.hotbunny.dev/hackhub/auth/steam/challenge failed after 40ms: ERR_BAD_REQUEST Request failed with status code 429
==============================================

==============================================
[01/09/2026, 21:59:41] [WARN]
----------------------------------------------
[Network] POST https://gateway.hotbunny.dev/hackhub/auth/steam/challenge failed after 43ms: ERR_BAD_REQUEST Request failed with status code 429
==============================================

==============================================
[01/09/2026, 21:59:43] [WARN]
----------------------------------------------
[Network] POST https://gateway.hotbunny.dev/hackhub/auth/steam failed after 50ms: ERR_BAD_REQUEST Request failed with status code 429
==============================================

==============================================
[01/09/2026, 21:59:45] [WARN]
----------------------------------------------
[Network] POST https://gateway.hotbunny.dev/hackhub/auth/steam failed after 40ms: ERR_BAD_REQUEST Request failed with status code 429
==============================================

==============================================
[01/09/2026, 21:59:45] [WARN]
----------------------------------------------
[Network] POST https://gateway.hotbunny.dev/hackhub/auth/steam/challenge failed after 48ms: ERR_BAD_REQUEST Request failed with status code 429
==============================================

==============================================
[01/09/2026, 21:59:45] [WARN]
----------------------------------------------
[Network] GET https://gateway.hotbunny.dev/hackhub/stats failed after 42ms: ERR_BAD_REQUEST Request failed with status code 401
==============================================

==============================================
[01/09/2026, 21:59:45] [WARN]
----------------------------------------------
[Network] GET https://gateway.hotbunny.dev/hackhub/announcements?limit=10 failed after 48ms: ERR_BAD_REQUEST Request failed with status code 401
==============================================

==============================================
[01/09/2026, 21:59:45] [WARN]
----------------------------------------------
[Network] GET https://gateway.hotbunny.dev/hackhub/featured-mods failed after 77ms: ERR_BAD_REQUEST Request failed with status code 401
==============================================

==============================================
[01/09/2026, 21:59:45] [WARN]
----------------------------------------------
[Network] GET https://gateway.hotbunny.dev/hackhub/polls failed after 85ms: ERR_BAD_REQUEST Request failed with status code 401
==============================================

==============================================
[01/09/2026, 21:59:45] [WARN]
----------------------------------------------
[Network] GET https://gateway.hotbunny.dev/hackhub/pages failed after 101ms: ERR_BAD_REQUEST Request failed with status code 401
==============================================

==============================================
[01/09/2026, 21:59:45] [WARN]
----------------------------------------------
[Network] GET https://gateway.hotbunny.dev/hackhub/dlc-store/config failed after 99ms: ERR_BAD_REQUEST Request failed with status code 401
==============================================

==============================================
[01/09/2026, 21:59:45] [WARN]
----------------------------------------------
[Network] GET https://gateway.hotbunny.dev/hackhub/actions failed after 106ms: ERR_BAD_REQUEST Request failed with status code 401
==============================================

==============================================
[01/09/2026, 21:59:46] [WARN]
----------------------------------------------
[Network] POST https://gateway.hotbunny.dev/hackhub/auth/steam/challenge failed after 42ms: ERR_BAD_REQUEST Request failed with status code 429
==============================================

==============================================
[01/09/2026, 21:59:46] [WARN]
----------------------------------------------
[Network] POST https://gateway.hotbunny.dev/hackhub/auth/steam/challenge failed after 40ms: ERR_BAD_REQUEST Request failed with status code 429
==============================================

==============================================
[01/09/2026, 21:59:48] [WARN]
----------------------------------------------
[Network] POST https://gateway.hotbunny.dev/hackhub/auth/steam failed after 42ms: ERR_BAD_REQUEST Request failed with status code 429
==============================================

==============================================
[01/09/2026, 21:59:48] [WARN]
----------------------------------------------
[Network] GET https://gateway.hotbunny.dev/hackhub/player-notifications?limit=50 failed after 40ms: ERR_BAD_REQUEST Request failed with status code 401
==============================================

==============================================
[01/09/2026, 21:59:48] [WARN]
----------------------------------------------
[Network] GET https://gateway.hotbunny.dev/hackhub/player-notifications?limit=50 failed after 41ms: ERR_BAD_REQUEST Request failed with status code 401
==============================================

==============================================
[01/09/2026, 21:59:48] [WARN]
----------------------------------------------
[RENDERER] [PruneOrphanQuests] Dropping "DiagTest04" (Z3GpRtuMWA): no installed content defines it.
==============================================

==============================================
[01/09/2026, 21:59:48] [WARN]
----------------------------------------------
[RENDERER] [CompleteObjective] Objective "open_email" already completed (in-memory) for quest kbRL9HAYq3
==============================================

==============================================
[01/09/2026, 21:59:55] [WARN]
----------------------------------------------
[RENDERER] Deprecation warning: value provided is not in a recognized RFC2822 or ISO format. moment construction falls back to js Date(), which is not reliable across all browsers and versions. Non RFC2822/ISO date formats are discouraged. Please refer to http://momentjs.com/guides/#/warnings/js-date/ for more info.
Arguments: 
[0] _isAMomentObject: true, _isUTC: false, _useUTC: false, _l: undefined, _i: Tue Sep 01 2026, _f: undefined, _strict: undefined, _locale: [object Object]
Error
    at O.createFromInputFallback (file:///S:/SteamLibrary/steamapps/common/Hackhub/resources/app.asar/dist/assets/utils.js:9:3)
    at zm (file:///S:/SteamLibrary/steamapps/common/Hackhub/resources/app.asar/dist/assets/utils.js:9:25839)
    at Xm (file:///S:/SteamLibrary/steamapps/common/Hackhub/resources/app.asar/dist/assets/utils.js:9:29577)
    at qo (file:///S:/SteamLibrary/steamapps/common/Hackhub/resources/app.asar/dist/assets/utils.js:9:29441)
    at Jm (file:///S:/SteamLibrary/steamapps/common/Hackhub/resources/app.asar/dist/assets/utils.js:9:29155)
    at Ko (file:///S:/SteamLibrary/steamapps/common/Hackhub/resources/app.asar/dist/assets/utils.js:9:29944)
    at ne (file:///S:/SteamLibrary/steamapps/common/Hackhub/resources/app.asar/dist/assets/utils.js:9:29978)
    at O (file:///S:/SteamLibrary/steamapps/common/Hackhub/resources/app.asar/dist/assets/utils.js:6:31)
    at FSe (file:///S:/SteamLibrary/steamapps/common/Hackhub/resources/app.asar/dist/assets/index.js:166770:102594)
    at mo (file:///S:/SteamLibrary/steamapps/common/Hackhub/resources/app.asar/dist/assets/vendor.js:30:16959)
    at Wa (file:///S:/SteamLibrary/steamapps/common/Hackhub/resources/app.asar/dist/assets/vendor.js:32:43694)
    at Va (file:///S:/SteamLibrary/steamapps/common/Hackhub/resources/app.asar/dist/assets/vendor.js:32:39499)
    at ud (file:///S:/SteamLibrary/steamapps/common/Hackhub/resources/app.asar/dist/assets/vendor.js:32:39430)
    at Zr (file:///S:/SteamLibrary/steamapps/common/Hackhub/resources/app.asar/dist/assets/vendor.js:32:39289)
    at Ua (file:///S:/SteamLibrary/steamapps/common/Hackhub/resources/app.asar/dist/assets/vendor.js:32:34440)
    at E (file:///S:/SteamLibrary/steamapps/common/Hackhub/resources/app.asar/dist/assets/vendor.js:17:1562)
    at MessagePort.un (file:///S:/SteamLibrary/steamapps/common/Hackhub/resources/app.asar/dist/assets/vendor.js:17:1930)
==============================================

==============================================
[01/09/2026, 21:59:57] [ERROR]
----------------------------------------------
[RENDERER] TypeError: Cannot read properties of undefined (reading 'toLowerCase')
TypeError: Cannot read properties of undefined (reading 'toLowerCase')
    at file:///S:/SteamLibrary/steamapps/common/Hackhub/resources/app.asar/dist/assets/index.js:166770:130685
    at Array.filter (<anonymous>)
    at file:///S:/SteamLibrary/steamapps/common/Hackhub/resources/app.asar/dist/assets/index.js:166770:130631
    at Object.useMemo (file:///S:/SteamLibrary/steamapps/common/Hackhub/resources/app.asar/dist/assets/vendor.js:30:23228)
    at T.useMemo (file:///S:/SteamLibrary/steamapps/common/Hackhub/resources/app.asar/dist/assets/vendor.js:9:6193)
    at ahl (file:///S:/SteamLibrary/steamapps/common/Hackhub/resources/app.asar/dist/assets/index.js:166770:130615)
    at mo (file:///S:/SteamLibrary/steamapps/common/Hackhub/resources/app.asar/dist/assets/vendor.js:30:16959)
    at Wa (file:///S:/SteamLibrary/steamapps/common/Hackhub/resources/app.asar/dist/assets/vendor.js:32:43694)
    at Va (file:///S:/SteamLibrary/steamapps/common/Hackhub/resources/app.asar/dist/assets/vendor.js:32:39499)
    at ud (file:///S:/SteamLibrary/steamapps/common/Hackhub/resources/app.asar/dist/assets/vendor.js:32:39430)
    at Zr (file:///S:/SteamLibrary/steamapps/common/Hackhub/resources/app.asar/dist/assets/vendor.js:32:39289)
    at Ou (file:///S:/SteamLibrary/steamapps/common/Hackhub/resources/app.asar/dist/assets/vendor.js:32:35710)
    at Ua (file:///S:/SteamLibrary/steamapps/common/Hackhub/resources/app.asar/dist/assets/vendor.js:32:34666)
    at E (file:///S:/SteamLibrary/steamapps/common/Hackhub/resources/app.asar/dist/assets/vendor.js:17:1562)
    at MessagePort.un (file:///S:/SteamLibrary/steamapps/common/Hackhub/resources/app.asar/dist/assets/vendor.js:17:1930)
==============================================

==============================================
  APPLICATION CLOSING
  Time: 01/09/2026, 22:05:26
==============================================
